new_name	old_name	kind	subsystem
ble_g_400052	var_400052	global	ble
ble_g_40006d	var_40006d	global	ble
ble_g_40009c	var_40009c	global	ble
ble_g_4000a1	var_4000a1	global	ble
ble_g_400464	var_400464	global	ble
ble_g_400698	var_400698	global	ble
ble_g_4006c0	var_4006c0	global	ble
ble_g_4006cc	var_4006cc	global	ble
ble_g_4006d0	var_4006d0	global	ble
ble_g_4006d4	var_4006d4	global	ble
ble_g_4006dc	var_4006dc	global	ble
ble_g_4006e0	var_4006e0	global	ble
ble_g_4006e4	var_4006e4	global	ble
ble_g_4006e8	var_4006e8	global	ble
ble_g_4006ec	var_4006ec	global	ble
ble_g_4006f0	var_4006f0	global	ble
ble_g_4006f4	var_4006f4	global	ble
ble_g_4006f8	var_4006f8	global	ble
ble_g_4006fc	var_4006fc	global	ble
ble_g_400700	var_400700	global	ble
ble_g_400704	var_400704	global	ble
ble_g_400708	var_400708	global	ble
ble_g_400710	var_400710	global	ble
ble_g_400714	var_400714	global	ble
ble_g_400718	var_400718	global	ble
ble_g_400752	var_400752	global	ble
ble_g_400a07	var_400a07	global	ble
ble_g_400a0b	var_400a0b	global	ble
ble_g_400a0d	var_400a0d	global	ble
ble_g_400a0e	var_400a0e	global	ble
ble_g_400a11	var_400a11	global	ble
ble_g_400a14	var_400a14	global	ble
ble_g_400a15	var_400a15	global	ble
ble_g_400a33	var_400a33	global	ble
ble_g_400a34	var_400a34	global	ble
ble_g_400a35	var_400a35	global	ble
ble_g_400a38	var_400a38	global	ble
ble_g_400a4d	var_400a4d	global	ble
ble_g_400a4e	var_400a4e	global	ble
ble_g_400a54	var_400a54	global	ble
ble_g_400a58	var_400a58	global	ble
ble_g_400a5a	var_400a5a	global	ble
ble_g_400a5d	var_400a5d	global	ble
ble_g_400a5e	var_400a5e	global	ble
ble_g_400a5f	var_400a5f	global	ble
ble_g_400a68	var_400a68	global	ble
ble_g_400a98	var_400a98	global	ble
ble_g_400ac9	var_400ac9	global	ble
ble_g_400ade	var_400ade	global	ble
ble_g_400ae2	var_400ae2	global	ble
ble_g_400af2	var_400af2	global	ble
ble_g_400af3	var_400af3	global	ble
ble_g_400af4	var_400af4	global	ble
ble_g_400af6	var_400af6	global	ble
ble_g_400af9	var_400af9	global	ble
ble_g_400afc	var_400afc	global	ble
ble_g_400b01	var_400b01	global	ble
ble_g_400b0c	var_400b0c	global	ble
ble_g_400b11	var_400b11	global	ble
ble_g_400b12	var_400b12	global	ble
ble_g_400b37	var_400b37	global	ble
ble_g_400b38	var_400b38	global	ble
ble_g_400b64	var_400b64	global	ble
ble_g_400b6b	var_400b6b	global	ble
ble_g_400b78	var_400b78	global	ble
ble_g_400b8d	var_400b8d	global	ble
ble_g_400b90	var_400b90	global	ble
ble_g_400b91	var_400b91	global	ble
ble_g_400b92	var_400b92	global	ble
ble_g_400c2c	var_400c2c	global	ble
ble_g_400c46	var_400c46	global	ble
ble_g_400c5c	var_400c5c	global	ble
ble_g_400c64	var_400c64	global	ble
ble_g_400c7f	var_400c7f	global	ble
ble_g_400cd8	var_400cd8	global	ble
ble_g_400cdc	var_400cdc	global	ble
ble_g_400ce4	var_400ce4	global	ble
ble_g_400cf0	var_400cf0	global	ble
ble_g_400d04	var_400d04	global	ble
ble_g_400d09	var_400d09	global	ble
ble_g_400d29	var_400d29	global	ble
ble_g_400d2a	var_400d2a	global	ble
ble_g_400d36	var_400d36	global	ble
ble_g_400d38	var_400d38	global	ble
ble_g_400d3a	var_400d3a	global	ble
ble_g_400d3c	var_400d3c	global	ble
ble_g_400d3d	var_400d3d	global	ble
ble_g_400d52	var_400d52	global	ble
ble_g_400d5a	var_400d5a	global	ble
ble_g_400d63	var_400d63	global	ble
ble_g_400dca	var_400dca	global	ble
ble_g_400dcb	var_400dcb	global	ble
ble_g_400dcc	var_400dcc	global	ble
ble_g_400dcd	var_400dcd	global	ble
ble_g_40101a	var_40101a	global	ble
ble_g_401020	var_401020	global	ble
ble_g_401051	var_401051	global	ble
ble_g_401084	var_401084	global	ble
ble_g_401087	var_401087	global	ble
ble_g_4015ec	var_4015ec	global	ble
ble_g_4015f0	var_4015f0	global	ble
ble_g_401630	var_401630	global	ble
ble_g_401634	var_401634	global	ble
ble_g_401638	var_401638	global	ble
ble_g_401678	var_401678	global	ble
ble_g_40167c	var_40167c	global	ble
ble_g_401990	var_401990	global	ble
ble_g_403f94	var_403f94	global	ble
ble_g_403f98	var_403f98	global	ble
ble_g_403f9c	var_403f9c	global	ble
ble_g_403fa0	var_403fa0	global	ble
ble_g_403fa4	var_403fa4	global	ble
ble_g_4040ba	var_4040ba	global	ble
ble_g_40411a	var_40411a	global	ble
ble_ro_28ae9	ro_28ae9	global	ble
ble_ro_28efc	ro_28efc	global	ble
ble_ro_28f00	ro_28f00	global	ble
ble_ro_28f04	ro_28f04	global	ble
ble_ro_28f08	ro_28f08	global	ble
ble_ro_28f0c	ro_28f0c	global	ble
ble_ro_28f10	ro_28f10	global	ble
ble_ro_28f14	ro_28f14	global	ble
ble_ro_28f18	ro_28f18	global	ble
ble_ro_28f1c	ro_28f1c	global	ble
ble_ro_28f20	ro_28f20	global	ble
ble_ro_28f24	ro_28f24	global	ble
ble_ro_28f28	ro_28f28	global	ble
ble_ro_28f40	ro_28f40	global	ble
ble_ro_28f5c	ro_28f5c	global	ble
ble_ro_28f60	ro_28f60	global	ble
ble_ro_28f64	ro_28f64	global	ble
ble_ro_28f84	ro_28f84	global	ble
ble_ro_28f9c	ro_28f9c	global	ble
ble_ro_28fa0	ro_28fa0	global	ble
ble_ro_28fb8	ro_28fb8	global	ble
ble_ro_28fbc	ro_28fbc	global	ble
ble_ro_28fc0	ro_28fc0	global	ble
ble_ro_28fc4	ro_28fc4	global	ble
ble_ro_28fc8	ro_28fc8	global	ble
ble_ro_28fcc	ro_28fcc	global	ble
ble_ro_28fd0	ro_28fd0	global	ble
ble_ro_28fd4	ro_28fd4	global	ble
ble_ro_28fd8	ro_28fd8	global	ble
ble_ro_28fdc	ro_28fdc	global	ble
ble_ro_28fe0	ro_28fe0	global	ble
ble_ro_28fe4	ro_28fe4	global	ble
ble_ro_28fe8	ro_28fe8	global	ble
ble_ro_28fec	ro_28fec	global	ble
ble_ro_28ff0	ro_28ff0	global	ble
ble_ro_28ff4	ro_28ff4	global	ble
ble_ro_29008	ro_29008	global	ble
ble_ro_29040	ro_29040	global	ble
ble_ro_29060	ro_29060	global	ble
ble_ro_2909c	ro_2909c	global	ble
ble_ro_290a0	ro_290a0	global	ble
ble_ro_290a4	ro_290a4	global	ble
ble_ro_290a8	ro_290a8	global	ble
ble_ro_290ac	ro_290ac	global	ble
ble_ro_290b0	ro_290b0	global	ble
ble_ro_290b4	ro_290b4	global	ble
ble_ro_291f4	ro_291f4	global	ble
ble_ro_291f8	ro_291f8	global	ble
ble_ro_291fc	ro_291fc	global	ble
ble_ro_29200	ro_29200	global	ble
ble_ro_29234	ro_29234	global	ble
ble_ro_29238	ro_29238	global	ble
ble_ro_2923c	ro_2923c	global	ble
ble_ro_29240	ro_29240	global	ble
ble_ro_292a0	ro_292a0	global	ble
ble_ro_29778	ro_29778	global	ble
ble_ro_297a0	ro_297a0	global	ble
ble_ro_297b8	ro_297b8	global	ble
ble_ro_297c0	ro_297c0	global	ble
ble_ro_297f0	ro_297f0	global	ble
ble_ro_297f4	ro_297f4	global	ble
ble_ro_298e4	ro_298e4	global	ble
ble_ro_29cd8	ro_29cd8	global	ble
ble_ro_29ce0	ro_29ce0	global	ble
ble_ro_29d0c	ro_29d0c	global	ble
ble_ro_29dcc	ro_29dcc	global	ble
ble_ro_29dd0	ro_29dd0	global	ble
ble_ro_29e18	ro_29e18	global	ble
ble_ro_29e1c	ro_29e1c	global	ble
ble_ro_29e24	ro_29e24	global	ble
ble_ro_29ec8	ro_29ec8	global	ble
ble_ro_2a43c	ro_2a43c	global	ble
ble_ro_2a440	ro_2a440	global	ble
ble_ro_2a444	ro_2a444	global	ble
ble_ro_2a448	ro_2a448	global	ble
ble_ro_2a44c	ro_2a44c	global	ble
ble_ro_2a46c	ro_2a46c	global	ble
ble_ro_2a470	ro_2a470	global	ble
ble_ro_2a474	ro_2a474	global	ble
ble_ro_2a478	ro_2a478	global	ble
ble_ro_2a494	ro_2a494	global	ble
ble_ro_2a7d0	ro_2a7d0	global	ble
ble_ro_2a7d4	ro_2a7d4	global	ble
ble_ro_2a7d8	ro_2a7d8	global	ble
ble_ro_2a7dc	ro_2a7dc	global	ble
ble_ro_2a7e0	ro_2a7e0	global	ble
ble_ro_2a830	ro_2a830	global	ble
ble_ro_2a834	ro_2a834	global	ble
ble_ro_2a864	ro_2a864	global	ble
ble_ro_2a8a4	ro_2a8a4	global	ble
ble_ro_2a8cc	ro_2a8cc	global	ble
ble_ro_2a928	ro_2a928	global	ble
ble_ro_2a92c	ro_2a92c	global	ble
ble_ro_2a948	ro_2a948	global	ble
ble_ro_2a9a4	ro_2a9a4	global	ble
ble_ro_2a9a8	ro_2a9a8	global	ble
ble_ro_2a9ac	ro_2a9ac	global	ble
ble_ro_2a9b0	ro_2a9b0	global	ble
ble_ro_2a9b4	ro_2a9b4	global	ble
ble_ro_2adb8	ro_2adb8	global	ble
ble_ro_2adbc	ro_2adbc	global	ble
ble_ro_2adc0	ro_2adc0	global	ble
ble_ro_2adc4	ro_2adc4	global	ble
ble_ro_2adc8	ro_2adc8	global	ble
ble_ro_2adcc	ro_2adcc	global	ble
ble_ro_2add0	ro_2add0	global	ble
ble_ro_2add4	ro_2add4	global	ble
ble_ro_2add8	ro_2add8	global	ble
ble_ro_2addc	ro_2addc	global	ble
ble_ro_2ade0	ro_2ade0	global	ble
ble_ro_2ade8	ro_2ade8	global	ble
ble_ro_2adec	ro_2adec	global	ble
ble_ro_2adf0	ro_2adf0	global	ble
ble_ro_2adf4	ro_2adf4	global	ble
ble_ro_2adf8	ro_2adf8	global	ble
ble_ro_2adfc	ro_2adfc	global	ble
ble_ro_2ae00	ro_2ae00	global	ble
ble_ro_2ae04	ro_2ae04	global	ble
ble_ro_2ae08	ro_2ae08	global	ble
ble_ro_2b3c3	ro_2b3c3	global	ble
ble_ro_2b58c	ro_2b58c	global	ble
ble_ro_2b594	ro_2b594	global	ble
ble_ro_2b668	ro_2b668	global	ble
ble_ro_2b6c4	ro_2b6c4	global	ble
ble_ro_2b6c8	ro_2b6c8	global	ble
ble_ro_2babc	ro_2babc	global	ble
ble_ro_2bae8	ro_2bae8	global	ble
ble_ro_2baec	ro_2baec	global	ble
ble_ro_2baf0	ro_2baf0	global	ble
ble_ro_2bb04	ro_2bb04	global	ble
ble_ro_2bb08	ro_2bb08	global	ble
ble_ro_2bb0c	ro_2bb0c	global	ble
ble_ro_2bb10	ro_2bb10	global	ble
ble_ro_2bb14	ro_2bb14	global	ble
ble_ro_2bb18	ro_2bb18	global	ble
ble_ro_2bb34	ro_2bb34	global	ble
ble_ro_2bb38	ro_2bb38	global	ble
ble_ro_2bb58	ro_2bb58	global	ble
ble_ro_2bb84	ro_2bb84	global	ble
ble_ro_2bba4	ro_2bba4	global	ble
ble_ro_2be78	ro_2be78	global	ble
ble_ro_2be7c	ro_2be7c	global	ble
ble_ro_2bfbc	ro_2bfbc	global	ble
ble_ro_2bfc4	ro_2bfc4	global	ble
ble_ro_2c848	ro_2c848	global	ble
ble_ro_2c84c	ro_2c84c	global	ble
ble_ro_2c850	ro_2c850	global	ble
ble_ro_2c864	ro_2c864	global	ble
ble_ro_2cb4c	ro_2cb4c	global	ble
ble_ro_2cbc4	ro_2cbc4	global	ble
ble_ro_2d000	ro_2d000	global	ble
ble_ro_2d038	ro_2d038	global	ble
ble_ro_2d03c	ro_2d03c	global	ble
ble_ro_2d044	ro_2d044	global	ble
ble_ro_2d8a8	ro_2d8a8	global	ble
ble_ro_2d8ac	ro_2d8ac	global	ble
ble_ro_2d940	ro_2d940	global	ble
ble_ro_2d944	ro_2d944	global	ble
ble_ro_2d948	ro_2d948	global	ble
ble_ro_2d94c	ro_2d94c	global	ble
ble_ro_2d958	ro_2d958	global	ble
ble_ro_2de7c	ro_2de7c	global	ble
ble_ro_2dfa0	ro_2dfa0	global	ble
ble_ro_2dfc4	ro_2dfc4	global	ble
ble_ro_2e6f8	ro_2e6f8	global	ble
ble_ro_2e6fc	ro_2e6fc	global	ble
ble_ro_2eda8	ro_2eda8	global	ble
ble_ro_2ee68	ro_2ee68	global	ble
ble_ro_2ee6c	ro_2ee6c	global	ble
ble_ro_2ee70	ro_2ee70	global	ble
ble_ro_2ee74	ro_2ee74	global	ble
ble_ro_2f3c4	ro_2f3c4	global	ble
ble_ro_2f3c8	ro_2f3c8	global	ble
ble_ro_2f3cc	ro_2f3cc	global	ble
ble_ro_2f3d0	ro_2f3d0	global	ble
ble_ro_2f69c	ro_2f69c	global	ble
ble_ro_2f6a8	ro_2f6a8	global	ble
ble_ro_2f6ac	ro_2f6ac	global	ble
ble_ro_2f6b0	ro_2f6b0	global	ble
ble_ro_2f80c	ro_2f80c	global	ble
ble_ro_31568	ro_31568	global	ble
ble_ro_31588	ro_31588	global	ble
ble_ro_3158c	ro_3158c	global	ble
ble_ro_31590	ro_31590	global	ble
ble_ro_31594	ro_31594	global	ble
ble_ro_31598	ro_31598	global	ble
ble_ro_3159c	ro_3159c	global	ble
ble_ro_315a0	ro_315a0	global	ble
ble_ro_315a4	ro_315a4	global	ble
ble_ro_315ac	ro_315ac	global	ble
ble_ro_315e4	ro_315e4	global	ble
ble_ro_315e8	ro_315e8	global	ble
ble_ro_315ec	ro_315ec	global	ble
ble_ro_315f0	ro_315f0	global	ble
ble_ro_315f4	ro_315f4	global	ble
ble_ro_315f8	ro_315f8	global	ble
ble_ro_315fc	ro_315fc	global	ble
ble_ro_31600	ro_31600	global	ble
ble_ro_31604	ro_31604	global	ble
ble_ro_31608	ro_31608	global	ble
ble_ro_3160c	ro_3160c	global	ble
ble_ro_31610	ro_31610	global	ble
ble_ro_31618	ro_31618	global	ble
ble_ro_3161c	ro_3161c	global	ble
ble_ro_31620	ro_31620	global	ble
ble_ro_31624	ro_31624	global	ble
ble_ro_31628	ro_31628	global	ble
ble_ro_3162c	ro_3162c	global	ble
ble_ro_31630	ro_31630	global	ble
ble_ro_31634	ro_31634	global	ble
ble_ro_31638	ro_31638	global	ble
ble_ro_3163c	ro_3163c	global	ble
ble_ro_31640	ro_31640	global	ble
ble_ro_31644	ro_31644	global	ble
ble_ro_31648	ro_31648	global	ble
ble_ro_3164c	ro_3164c	global	ble
ble_ro_31650	ro_31650	global	ble
ble_ro_31654	ro_31654	global	ble
ble_ro_31658	ro_31658	global	ble
ble_ro_3165c	ro_3165c	global	ble
ble_ro_31660	ro_31660	global	ble
ble_ro_31664	ro_31664	global	ble
ble_ro_31668	ro_31668	global	ble
ble_ro_3166c	ro_3166c	global	ble
ble_ro_31670	ro_31670	global	ble
ble_ro_31674	ro_31674	global	ble
ble_ro_31678	ro_31678	global	ble
ble_ro_3167c	ro_3167c	global	ble
ble_ro_31680	ro_31680	global	ble
ble_ro_31684	ro_31684	global	ble
ble_ro_31688	ro_31688	global	ble
ble_ro_31c1c	ro_31c1c	global	ble
ble_ro_31c20	ro_31c20	global	ble
ble_ro_31c5c	ro_31c5c	global	ble
ble_ro_31c60	ro_31c60	global	ble
ble_ro_31c64	ro_31c64	global	ble
ble_ro_31c68	ro_31c68	global	ble
ble_ro_31c6c	ro_31c6c	global	ble
ble_ro_31c9c	ro_31c9c	global	ble
ble_ro_31ca0	ro_31ca0	global	ble
ble_ro_31ca4	ro_31ca4	global	ble
ble_ro_31ca8	ro_31ca8	global	ble
ble_ro_31cac	ro_31cac	global	ble
ble_ro_31cb0	ro_31cb0	global	ble
ble_ro_31cb4	ro_31cb4	global	ble
ble_ro_31cb8	ro_31cb8	global	ble
ble_ro_31cbc	ro_31cbc	global	ble
ble_ro_31cc0	ro_31cc0	global	ble
ble_ro_31cc4	ro_31cc4	global	ble
ble_ro_31cc8	ro_31cc8	global	ble
ble_ro_31ccc	ro_31ccc	global	ble
ble_ro_31cd4	ro_31cd4	global	ble
ble_ro_31cd8	ro_31cd8	global	ble
ble_ro_31d04	ro_31d04	global	ble
ble_ro_31d08	ro_31d08	global	ble
ble_ro_31d0c	ro_31d0c	global	ble
ble_ro_333b0	ro_333b0	global	ble
ble_ro_333c4	ro_333c4	global	ble
ble_ro_333d4	ro_333d4	global	ble
ble_ro_333d8	ro_333d8	global	ble
ble_ro_333dc	ro_333dc	global	ble
ble_ro_333e8	ro_333e8	global	ble
ble_ro_3461c	ro_3461c	global	ble
ble_ro_34620	ro_34620	global	ble
ble_ro_34624	ro_34624	global	ble
ble_ro_34628	ro_34628	global	ble
ble_ro_35b70	ro_35b70	global	ble
ble_ro_35c10	ro_35c10	global	ble
ble_ro_35c44	ro_35c44	global	ble
ble_ro_35c48	ro_35c48	global	ble
ble_ro_35c68	ro_35c68	global	ble
ble_ro_35c6c	ro_35c6c	global	ble
ble_ro_35c70	ro_35c70	global	ble
ble_ro_35c74	ro_35c74	global	ble
ble_ro_35c78	ro_35c78	global	ble
ble_ro_35c7c	ro_35c7c	global	ble
ble_ro_35c80	ro_35c80	global	ble
ble_ro_35c84	ro_35c84	global	ble
ble_ro_35c88	ro_35c88	global	ble
ble_ro_35c8c	ro_35c8c	global	ble
ble_ro_35c90	ro_35c90	global	ble
ble_ro_35c94	ro_35c94	global	ble
ble_ro_35c98	ro_35c98	global	ble
ble_ro_39590	ro_39590	global	ble
ble_ro_395e4	ro_395e4	global	ble
ble_ro_395e8	ro_395e8	global	ble
ble_ro_39c0c	ro_39c0c	global	ble
ble_ro_39c10	ro_39c10	global	ble
ble_ro_39c15	ro_39c15	global	ble
ble_ro_39c17	ro_39c17	global	ble
ble_ro_39c45	ro_39c45	global	ble
ble_ro_39c49	ro_39c49	global	ble
ble_ro_39c57	ro_39c57	global	ble
ble_ro_39c61	ro_39c61	global	ble
ble_ro_39c65	ro_39c65	global	ble
ble_ro_39c69	ro_39c69	global	ble
ble_ro_3a558	ro_3a558	global	ble
ble_ro_3a55c	ro_3a55c	global	ble
ble_ro_3a560	ro_3a560	global	ble
ble_ro_3a564	ro_3a564	global	ble
ble_ro_3a568	ro_3a568	global	ble
ble_ro_3a56c	ro_3a56c	global	ble
ble_ro_3a570	ro_3a570	global	ble
ble_ro_3a574	ro_3a574	global	ble
ble_ro_3a578	ro_3a578	global	ble
ble_ro_3a57c	ro_3a57c	global	ble
ble_ro_3a580	ro_3a580	global	ble
ble_ro_3a584	ro_3a584	global	ble
ble_ro_3a588	ro_3a588	global	ble
ble_ro_3a58c	ro_3a58c	global	ble
ble_ro_3a590	ro_3a590	global	ble
ble_ro_3a594	ro_3a594	global	ble
ble_ro_3a598	ro_3a598	global	ble
ble_ro_3a59c	ro_3a59c	global	ble
ble_ro_3a5a0	ro_3a5a0	global	ble
ble_ro_3a5a4	ro_3a5a4	global	ble
ble_ro_3a5a8	ro_3a5a8	global	ble
ble_ro_3a5ac	ro_3a5ac	global	ble
ble_ro_3a5b0	ro_3a5b0	global	ble
ble_ro_3ad6c	ro_3ad6c	global	ble
ble_ro_3b250	ro_3b250	global	ble
ble_ro_3b25c	ro_3b25c	global	ble
ble_ro_3b268	ro_3b268	global	ble
ble_ro_3b26c	ro_3b26c	global	ble
ble_ro_3b270	ro_3b270	global	ble
ble_ro_3b274	ro_3b274	global	ble
ble_ro_3b27c	ro_3b27c	global	ble
ble_ro_3b2a4	ro_3b2a4	global	ble
ble_ro_3b2d8	ro_3b2d8	global	ble
ble_ro_3b2dc	ro_3b2dc	global	ble
ble_ro_3b4e8	ro_3b4e8	global	ble
ble_ro_3b4ec	ro_3b4ec	global	ble
ble_ro_3b77f	ro_3b77f	global	ble
ble_ro_3b8bc	ro_3b8bc	global	ble
ble_ro_3b8c4	ro_3b8c4	global	ble
ble_ro_3b8e1	ro_3b8e1	global	ble
ble_ro_3bcf8	ro_3bcf8	global	ble
ble_ro_3bcfc	ro_3bcfc	global	ble
ble_ro_3bd00	ro_3bd00	global	ble
ble_ro_3bd04	ro_3bd04	global	ble
ble_ro_3bd08	ro_3bd08	global	ble
ble_ro_3bd14	ro_3bd14	global	ble
ble_ro_3bd18	ro_3bd18	global	ble
ble_ro_3bd20	ro_3bd20	global	ble
ble_ro_3bd30	ro_3bd30	global	ble
ble_ro_3bea4	ro_3bea4	global	ble
ble_ro_3bea8	ro_3bea8	global	ble
ble_ro_3beac	ro_3beac	global	ble
ble_ro_3beb0	ro_3beb0	global	ble
ble_ro_3bfac	ro_3bfac	global	ble
ble_ro_3bfb0	ro_3bfb0	global	ble
ble_ro_3bfb4	ro_3bfb4	global	ble
ble_ro_3bfb8	ro_3bfb8	global	ble
ble_ro_3bfbc	ro_3bfbc	global	ble
ble_ro_3c0e0	ro_3c0e0	global	ble
ble_ro_3c80c	ro_3c80c	global	ble
ble_ro_3c810	ro_3c810	global	ble
ble_ro_3c814	ro_3c814	global	ble
ble_ro_3d6d4	ro_3d6d4	global	ble
ble_ro_3dcc3	ro_3dcc3	global	ble
ble_ro_3dcf4	ro_3dcf4	global	ble
ble_ro_3dd57	ro_3dd57	global	ble
ble_ro_3dfd3	ro_3dfd3	global	ble
ble_ro_3e100	ro_3e100	global	ble
ble_ro_3e108	ro_3e108	global	ble
ble_ro_3e10c	ro_3e10c	global	ble
ble_ro_3e110	ro_3e110	global	ble
ble_ro_3e114	ro_3e114	global	ble
ble_ro_3e118	ro_3e118	global	ble
ble_ro_3e11c	ro_3e11c	global	ble
ble_ro_3e120	ro_3e120	global	ble
ble_ro_3e124	ro_3e124	global	ble
ble_ro_3e128	ro_3e128	global	ble
ble_ro_3e12c	ro_3e12c	global	ble
ble_ro_3e130	ro_3e130	global	ble
ble_ro_3e134	ro_3e134	global	ble
ble_ro_3e138	ro_3e138	global	ble
ble_ro_3e13c	ro_3e13c	global	ble
ble_ro_3e140	ro_3e140	global	ble
ble_ro_3e1cc	ro_3e1cc	global	ble
ble_ro_3e484	ro_3e484	global	ble
ble_ro_3e488	ro_3e488	global	ble
ble_ro_3e48c	ro_3e48c	global	ble
ble_ro_3e490	ro_3e490	global	ble
ble_ro_3e494	ro_3e494	global	ble
ble_ro_3e4d3	ro_3e4d3	global	ble
ble_ro_3e4eb	ro_3e4eb	global	ble
ble_ro_3e503	ro_3e503	global	ble
ble_ro_3e553	ro_3e553	global	ble
ble_ro_3e591	ro_3e591	global	ble
ble_ro_3e5f1	ro_3e5f1	global	ble
ble_ro_3e794	ro_3e794	global	ble
ble_ro_3e798	ro_3e798	global	ble
ble_ro_3e79c	ro_3e79c	global	ble
ble_ro_3e7a0	ro_3e7a0	global	ble
ble_ro_3e7a4	ro_3e7a4	global	ble
ble_ro_3e7a8	ro_3e7a8	global	ble
ble_ro_3e7ac	ro_3e7ac	global	ble
ble_ro_3e7b0	ro_3e7b0	global	ble
ble_ro_3ec6b	ro_3ec6b	global	ble
ble_ro_3ecdf	ro_3ecdf	global	ble
ble_ro_3ed93	ro_3ed93	global	ble
ble_ro_3edbf	ro_3edbf	global	ble
ble_ro_3ee3b	ro_3ee3b	global	ble
ble_ro_3ee6f	ro_3ee6f	global	ble
ble_ro_3f094	ro_3f094	global	ble
ble_ro_3f284	ro_3f284	global	ble
ble_ro_3f88c	ro_3f88c	global	ble
ble_ro_3f8a0	ro_3f8a0	global	ble
ble_ro_3f920	ro_3f920	global	ble
ble_ro_3fcec	ro_3fcec	global	ble
ble_ro_3ffb4	ro_3ffb4	global	ble
ble_ro_3ffb8	ro_3ffb8	global	ble
ble_ro_3ffbc	ro_3ffbc	global	ble
ble_ro_40420	ro_40420	global	ble
ble_ro_40434	ro_40434	global	ble
ble_ro_40898	ro_40898	global	ble
ble_ro_40f94	ro_40f94	global	ble
ble_ro_4102c	ro_4102c	global	ble
ble_ro_415b4	ro_415b4	global	ble
ble_ro_415b8	ro_415b8	global	ble
ble_ro_4183c	ro_4183c	global	ble
ble_ro_41c6c	ro_41c6c	global	ble
ble_ro_41c70	ro_41c70	global	ble
ble_ro_41e9c	ro_41e9c	global	ble
ble_ro_423d4	ro_423d4	global	ble
ble_ro_4244c	ro_4244c	global	ble
ble_ro_42a1c	ro_42a1c	global	ble
ble_ro_433bc	ro_433bc	global	ble
ble_ro_433cc	ro_433cc	global	ble
ble_ro_435e4	ro_435e4	global	ble
ble_ro_435e8	ro_435e8	global	ble
ble_ro_43b94	ro_43b94	global	ble
ble_ro_461ae	ro_461ae	global	ble
ble_ro_461b4	ro_461b4	global	ble
ble_ro_4625c	ro_4625c	global	ble
ble_ro_462f4	ro_462f4	global	ble
ble_ro_463b0	ro_463b0	global	ble
ble_ro_463e8	ro_463e8	global	ble
ble_ro_464bc	ro_464bc	global	ble
ble_ro_46610	ro_46610	global	ble
ble_ro_46688	ro_46688	global	ble
ble_ro_46720	ro_46720	global	ble
ble_ro_46750	ro_46750	global	ble
ble_ro_467f0	ro_467f0	global	ble
ble_sub_28ac0	FUN_00028ac0	function	ble
ble_sub_28b00	FUN_00028b00	function	ble
ble_sub_28c48	FUN_00028c48	function	ble
ble_sub_28c4e	FUN_00028c4e	function	ble
ble_sub_28c66	FUN_00028c66	function	ble
ble_sub_29164	FUN_00029164	function	ble
ble_sub_29392	FUN_00029392	function	ble
ble_sub_29490	FUN_00029490	function	ble
ble_sub_29530	FUN_00029530	function	ble
ble_sub_295aa	FUN_000295aa	function	ble
ble_sub_29a42	FUN_00029a42	function	ble
ble_sub_2a0aa	FUN_0002a0aa	function	ble
ble_sub_2a0c0	FUN_0002a0c0	function	ble
ble_sub_2a5e4	FUN_0002a5e4	function	ble
ble_sub_2a5f8	FUN_0002a5f8	function	ble
ble_sub_2a674	FUN_0002a674	function	ble
ble_sub_2a78c	FUN_0002a78c	function	ble
ble_sub_2aa5c	FUN_0002aa5c	function	ble
ble_sub_2ab70	FUN_0002ab70	function	ble
ble_sub_2abba	FUN_0002abba	function	ble
ble_sub_2abd4	FUN_0002abd4	function	ble
ble_sub_2ac0e	FUN_0002ac0e	function	ble
ble_sub_2b3ac	FUN_0002b3ac	function	ble
ble_sub_2b4c8	FUN_0002b4c8	function	ble
ble_sub_2b4de	FUN_0002b4de	function	ble
ble_sub_2b8a2	FUN_0002b8a2	function	ble
ble_sub_2bdc4	FUN_0002bdc4	function	ble
ble_sub_2bef8	FUN_0002bef8	function	ble
ble_sub_2bf30	FUN_0002bf30	function	ble
ble_sub_2bf5c	FUN_0002bf5c	function	ble
ble_sub_2bf88	FUN_0002bf88	function	ble
ble_sub_2c044	FUN_0002c044	function	ble
ble_sub_2c158	FUN_0002c158	function	ble
ble_sub_2c378	FUN_0002c378	function	ble
ble_sub_2ca10	FUN_0002ca10	function	ble
ble_sub_2ca56	FUN_0002ca56	function	ble
ble_sub_2cad2	FUN_0002cad2	function	ble
ble_sub_2cafe	FUN_0002cafe	function	ble
ble_sub_2cbda	FUN_0002cbda	function	ble
ble_sub_2d53c	FUN_0002d53c	function	ble
ble_sub_2f31c	FUN_0002f31c	function	ble
ble_sub_2f438	FUN_0002f438	function	ble
ble_sub_2f5d4	FUN_0002f5d4	function	ble
ble_sub_31114	FUN_00031114	function	ble
ble_sub_31172	FUN_00031172	function	ble
ble_sub_311de	FUN_000311de	function	ble
ble_sub_31210	FUN_00031210	function	ble
ble_sub_312aa	FUN_000312aa	function	ble
ble_sub_31334	FUN_00031334	function	ble
ble_sub_31406	FUN_00031406	function	ble
ble_sub_3186e	FUN_0003186e	function	ble
ble_sub_31974	FUN_00031974	function	ble
ble_sub_31980	FUN_00031980	function	ble
ble_sub_319c0	FUN_000319c0	function	ble
ble_sub_31b3e	FUN_00031b3e	function	ble
ble_sub_31f7c	FUN_00031f7c	function	ble
ble_sub_32620	FUN_00032620	function	ble
ble_sub_32686	FUN_00032686	function	ble
ble_sub_326ea	FUN_000326ea	function	ble
ble_sub_332be	FUN_000332be	function	ble
ble_sub_33dc2	FUN_00033dc2	function	ble
ble_sub_3443a	FUN_0003443a	function	ble
ble_sub_35800	FUN_00035800	function	ble
ble_sub_35abc	FUN_00035abc	function	ble
ble_sub_35b08	FUN_00035b08	function	ble
ble_sub_35cd2	FUN_00035cd2	function	ble
ble_sub_3723e	FUN_0003723e	function	ble
ble_sub_38f4e	FUN_00038f4e	function	ble
ble_sub_39198	FUN_00039198	function	ble
ble_sub_393bc	FUN_000393bc	function	ble
ble_sub_39408	FUN_00039408	function	ble
ble_sub_39428	FUN_00039428	function	ble
ble_sub_3948a	FUN_0003948a	function	ble
ble_sub_39a84	FUN_00039a84	function	ble
ble_sub_39b82	FUN_00039b82	function	ble
ble_sub_39bc2	FUN_00039bc2	function	ble
ble_sub_39bcc	FUN_00039bcc	function	ble
ble_sub_39c02	FUN_00039c02	function	ble
ble_sub_3a244	FUN_0003a244	function	ble
ble_sub_3a688	FUN_0003a688	function	ble
ble_sub_3aad4	FUN_0003aad4	function	ble
ble_sub_3abf2	FUN_0003abf2	function	ble
ble_sub_3ae40	FUN_0003ae40	function	ble
ble_sub_3ae82	FUN_0003ae82	function	ble
ble_sub_3af2c	FUN_0003af2c	function	ble
ble_sub_3af8a	FUN_0003af8a	function	ble
ble_sub_3b0b8	FUN_0003b0b8	function	ble
ble_sub_3b34c	FUN_0003b34c	function	ble
ble_sub_3b47e	FUN_0003b47e	function	ble
ble_sub_3b512	FUN_0003b512	function	ble
ble_sub_3b538	FUN_0003b538	function	ble
ble_sub_3b5e6	FUN_0003b5e6	function	ble
ble_sub_3b6f6	FUN_0003b6f6	function	ble
ble_sub_3b8e0	FUN_0003b8e0	function	ble
ble_sub_3b904	FUN_0003b904	function	ble
ble_sub_3b932	FUN_0003b932	function	ble
ble_sub_3ba0a	FUN_0003ba0a	function	ble
ble_sub_3ba28	FUN_0003ba28	function	ble
ble_sub_3ba46	FUN_0003ba46	function	ble
ble_sub_3ba6e	FUN_0003ba6e	function	ble
ble_sub_3bad6	FUN_0003bad6	function	ble
ble_sub_3bb38	FUN_0003bb38	function	ble
ble_sub_3bd90	FUN_0003bd90	function	ble
ble_sub_3bdca	FUN_0003bdca	function	ble
ble_sub_3bde6	FUN_0003bde6	function	ble
ble_sub_3be98	FUN_0003be98	function	ble
ble_sub_3bf40	FUN_0003bf40	function	ble
ble_sub_3bfc2	FUN_0003bfc2	function	ble
ble_sub_3c008	FUN_0003c008	function	ble
ble_sub_3c438	FUN_0003c438	function	ble
ble_sub_3c48c	FUN_0003c48c	function	ble
ble_sub_3c52e	FUN_0003c52e	function	ble
ble_sub_3c574	FUN_0003c574	function	ble
ble_sub_3c6ce	FUN_0003c6ce	function	ble
ble_sub_3dc3c	FUN_0003dc3c	function	ble
ble_sub_3dcb0	FUN_0003dcb0	function	ble
ble_sub_3dcf8	FUN_0003dcf8	function	ble
ble_sub_3dd00	FUN_0003dd00	function	ble
ble_sub_3dd1c	FUN_0003dd1c	function	ble
ble_sub_3dd3a	FUN_0003dd3a	function	ble
ble_sub_3dd8e	FUN_0003dd8e	function	ble
ble_sub_3dfd2	FUN_0003dfd2	function	ble
ble_sub_3e03e	FUN_0003e03e	function	ble
ble_sub_3e0bc	FUN_0003e0bc	function	ble
ble_sub_3e268	FUN_0003e268	function	ble
ble_sub_3e304	FUN_0003e304	function	ble
ble_sub_3e432	FUN_0003e432	function	ble
ble_sub_3e498	FUN_0003e498	function	ble
ble_sub_3e516	FUN_0003e516	function	ble
ble_sub_3e552	FUN_0003e552	function	ble
ble_sub_3e590	FUN_0003e590	function	ble
ble_sub_3e5c4	FUN_0003e5c4	function	ble
ble_sub_3e5f0	FUN_0003e5f0	function	ble
ble_sub_3e6e2	FUN_0003e6e2	function	ble
ble_sub_3e716	FUN_0003e716	function	ble
ble_sub_3e732	FUN_0003e732	function	ble
ble_sub_3e958	FUN_0003e958	function	ble
ble_sub_3edee	FUN_0003edee	function	ble
ble_sub_3ee6e	FUN_0003ee6e	function	ble
ble_sub_3ef20	FUN_0003ef20	function	ble
ble_sub_3ef48	FUN_0003ef48	function	ble
ble_sub_3f25e	FUN_0003f25e	function	ble
ble_sub_3f3b0	FUN_0003f3b0	function	ble
ble_sub_3f46a	FUN_0003f46a	function	ble
ble_sub_3f86c	FUN_0003f86c	function	ble
ble_sub_3f9a0	FUN_0003f9a0	function	ble
ble_sub_3faaa	FUN_0003faaa	function	ble
ble_sub_3fb6a	FUN_0003fb6a	function	ble
ble_sub_3fd6e	FUN_0003fd6e	function	ble
ble_sub_3fdd4	FUN_0003fdd4	function	ble
ble_sub_3ff92	FUN_0003ff92	function	ble
ble_sub_400c6	FUN_000400c6	function	ble
ble_sub_40134	FUN_00040134	function	ble
ble_sub_40400	FUN_00040400	function	ble
ble_sub_405ae	FUN_000405ae	function	ble
ble_sub_40f74	FUN_00040f74	function	ble
ble_sub_41034	FUN_00041034	function	ble
ble_sub_41160	FUN_00041160	function	ble
ble_sub_41798	FUN_00041798	function	ble
ble_sub_41922	FUN_00041922	function	ble
ble_sub_41e78	FUN_00041e78	function	ble
ble_sub_420ee	FUN_000420ee	function	ble
ble_sub_42132	FUN_00042132	function	ble
ble_sub_42430	FUN_00042430	function	ble
ble_sub_42450	FUN_00042450	function	ble
ble_sub_429fc	FUN_000429fc	function	ble
boot_g_40d0cc	var_40d0cc	global	boot
boot_g_40d0d0	var_40d0d0	global	boot
boot_g_40d12c	var_40d12c	global	boot
boot_g_40d130	var_40d130	global	boot
boot_g_40f81c	var_40f81c	global	boot
boot_g_40f820	var_40f820	global	boot
boot_g_40fc0c	var_40fc0c	global	boot
boot_g_40fc10	var_40fc10	global	boot
boot_ro_287c0	ro_287c0	global	boot
boot_ro_28804	ro_28804	global	boot
boot_ro_28808	ro_28808	global	boot
boot_ro_2880c	ro_2880c	global	boot
boot_ro_28810	ro_28810	global	boot
boot_ro_28814	ro_28814	global	boot
boot_ro_28818	ro_28818	global	boot
boot_ro_2881c	ro_2881c	global	boot
boot_ro_28820	ro_28820	global	boot
boot_ro_289cc	ro_289cc	global	boot
boot_ro_289d0	ro_289d0	global	boot
boot_ro_289d4	ro_289d4	global	boot
boot_ro_289d8	ro_289d8	global	boot
boot_ro_289dc	ro_289dc	global	boot
boot_ro_289e0	ro_289e0	global	boot
boot_ro_289e4	ro_289e4	global	boot
boot_ro_289e8	ro_289e8	global	boot
boot_ro_289ec	ro_289ec	global	boot
boot_ro_28a1c	ro_28a1c	global	boot
boot_ro_292a4	ro_292a4	global	boot
boot_ro_292a8	ro_292a8	global	boot
boot_ro_292dc	ro_292dc	global	boot
boot_ro_292e0	ro_292e0	global	boot
boot_ro_29314	ro_29314	global	boot
boot_ro_29318	ro_29318	global	boot
boot_ro_2934c	ro_2934c	global	boot
boot_ro_29350	ro_29350	global	boot
boot_ro_46cd8	ro_46cd8	global	boot
boot_ro_46cdc	ro_46cdc	global	boot
boot_sub_28980	FUN_00028980	function	boot
boot_sub_289a8	FUN_000289a8	function	boot
dbg_g_401411	var_401411	global	dbg
dbg_ro_3b8d4	ro_3b8d4	global	dbg
dbg_ro_3b8d8	ro_3b8d8	global	dbg
flash_g_400ac3	var_400ac3	global	flash
flash_g_400b22	var_400b22	global	flash
flash_g_400ba8	var_400ba8	global	flash
flash_g_400bf4	var_400bf4	global	flash
flash_g_400c01	var_400c01	global	flash
flash_g_400c20	var_400c20	global	flash
flash_g_400c21	var_400c21	global	flash
flash_g_400c22	var_400c22	global	flash
flash_g_400c23	var_400c23	global	flash
flash_g_400c24	var_400c24	global	flash
flash_g_400c25	var_400c25	global	flash
flash_g_400de4	var_400de4	global	flash
flash_g_400de5	var_400de5	global	flash
flash_g_400de6	var_400de6	global	flash
flash_g_400de7	var_400de7	global	flash
flash_g_400de8	var_400de8	global	flash
flash_g_400de9	var_400de9	global	flash
flash_g_400dea	var_400dea	global	flash
flash_g_400deb	var_400deb	global	flash
flash_g_400dec	var_400dec	global	flash
flash_g_400ded	var_400ded	global	flash
flash_g_400dee	var_400dee	global	flash
flash_g_400def	var_400def	global	flash
flash_g_400df0	var_400df0	global	flash
flash_g_400df1	var_400df1	global	flash
flash_g_400df2	var_400df2	global	flash
flash_g_400df3	var_400df3	global	flash
flash_g_400e15	var_400e15	global	flash
flash_g_400e16	var_400e16	global	flash
flash_g_400e17	var_400e17	global	flash
flash_g_400e1f	var_400e1f	global	flash
flash_g_400e20	var_400e20	global	flash
flash_g_400e21	var_400e21	global	flash
flash_g_400e57	var_400e57	global	flash
flash_g_400e58	var_400e58	global	flash
flash_g_400f43	var_400f43	global	flash
flash_g_400fb1	var_400fb1	global	flash
flash_g_400fed	var_400fed	global	flash
flash_g_401000	var_401000	global	flash
flash_g_401001	var_401001	global	flash
flash_g_401002	var_401002	global	flash
flash_g_401003	var_401003	global	flash
flash_g_401004	var_401004	global	flash
flash_g_401005	var_401005	global	flash
flash_g_401006	var_401006	global	flash
flash_g_401007	var_401007	global	flash
flash_g_401009	var_401009	global	flash
flash_g_40100a	var_40100a	global	flash
flash_g_40100b	var_40100b	global	flash
flash_g_40100d	var_40100d	global	flash
flash_g_40100f	var_40100f	global	flash
flash_g_401017	var_401017	global	flash
flash_g_401048	var_401048	global	flash
flash_g_40104a	var_40104a	global	flash
flash_g_401052	var_401052	global	flash
flash_g_40108a	var_40108a	global	flash
flash_g_401110	var_401110	global	flash
flash_g_401116	var_401116	global	flash
flash_g_401117	var_401117	global	flash
flash_g_40111a	var_40111a	global	flash
flash_g_403fa8	var_403fa8	global	flash
flash_ro_29d40	ro_29d40	global	flash
flash_ro_29d50	ro_29d50	global	flash
flash_ro_301f4	ro_301f4	global	flash
flash_ro_30640	ro_30640	global	flash
flash_ro_30644	ro_30644	global	flash
flash_ro_30674	ro_30674	global	flash
flash_ro_3068c	ro_3068c	global	flash
flash_ro_30690	ro_30690	global	flash
flash_ro_306b8	ro_306b8	global	flash
flash_ro_306e0	ro_306e0	global	flash
flash_ro_30af8	ro_30af8	global	flash
flash_ro_30afc	ro_30afc	global	flash
flash_ro_30b00	ro_30b00	global	flash
flash_ro_30b24	ro_30b24	global	flash
flash_ro_30b28	ro_30b28	global	flash
flash_ro_30b2c	ro_30b2c	global	flash
flash_ro_30c14	ro_30c14	global	flash
flash_ro_30ff8	ro_30ff8	global	flash
flash_ro_30ffc	ro_30ffc	global	flash
flash_ro_31000	ro_31000	global	flash
flash_ro_31004	ro_31004	global	flash
flash_ro_31008	ro_31008	global	flash
flash_ro_3100c	ro_3100c	global	flash
flash_ro_31010	ro_31010	global	flash
flash_ro_31014	ro_31014	global	flash
flash_ro_31018	ro_31018	global	flash
flash_ro_3101c	ro_3101c	global	flash
flash_ro_31020	ro_31020	global	flash
flash_ro_31054	ro_31054	global	flash
flash_ro_31058	ro_31058	global	flash
flash_ro_3105c	ro_3105c	global	flash
flash_ro_31060	ro_31060	global	flash
flash_ro_31064	ro_31064	global	flash
flash_ro_310c4	ro_310c4	global	flash
flash_ro_31c08	ro_31c08	global	flash
flash_ro_31c10	ro_31c10	global	flash
flash_ro_31c14	ro_31c14	global	flash
flash_ro_31c18	ro_31c18	global	flash
flash_ro_32a4c	ro_32a4c	global	flash
flash_ro_32fdc	ro_32fdc	global	flash
flash_ro_37380	ro_37380	global	flash
flash_ro_37394	ro_37394	global	flash
flash_ro_37398	ro_37398	global	flash
flash_ro_3739c	ro_3739c	global	flash
flash_ro_373a0	ro_373a0	global	flash
flash_ro_373a4	ro_373a4	global	flash
flash_ro_373a8	ro_373a8	global	flash
flash_ro_373ac	ro_373ac	global	flash
flash_ro_373c0	ro_373c0	global	flash
flash_ro_373c4	ro_373c4	global	flash
flash_ro_37644	ro_37644	global	flash
flash_ro_37648	ro_37648	global	flash
flash_ro_3765c	ro_3765c	global	flash
flash_ro_3768c	ro_3768c	global	flash
flash_ro_37690	ro_37690	global	flash
flash_ro_37694	ro_37694	global	flash
flash_ro_37698	ro_37698	global	flash
flash_ro_3769c	ro_3769c	global	flash
flash_ro_376a0	ro_376a0	global	flash
flash_ro_38230	ro_38230	global	flash
flash_ro_39594	ro_39594	global	flash
flash_ro_39598	ro_39598	global	flash
flash_ro_3959c	ro_3959c	global	flash
flash_ro_395a0	ro_395a0	global	flash
flash_ro_395a4	ro_395a4	global	flash
flash_ro_395a8	ro_395a8	global	flash
flash_ro_395ac	ro_395ac	global	flash
flash_ro_395b0	ro_395b0	global	flash
flash_ro_395b4	ro_395b4	global	flash
flash_ro_395b8	ro_395b8	global	flash
flash_ro_395bc	ro_395bc	global	flash
flash_ro_395c0	ro_395c0	global	flash
flash_ro_395c4	ro_395c4	global	flash
flash_ro_395cc	ro_395cc	global	flash
flash_ro_395d0	ro_395d0	global	flash
flash_ro_395ec	ro_395ec	global	flash
flash_ro_399b0	ro_399b0	global	flash
flash_ro_39a24	ro_39a24	global	flash
flash_ro_39a48	ro_39a48	global	flash
flash_ro_39a6c	ro_39a6c	global	flash
flash_ro_39a7c	ro_39a7c	global	flash
flash_ro_39a80	ro_39a80	global	flash
flash_ro_3c4f0	ro_3c4f0	global	flash
flash_ro_3c4f4	ro_3c4f4	global	flash
flash_ro_3c4f8	ro_3c4f8	global	flash
flash_ro_3cc1c	ro_3cc1c	global	flash
flash_ro_3d194	ro_3d194	global	flash
flash_ro_3d198	ro_3d198	global	flash
flash_ro_3d19c	ro_3d19c	global	flash
flash_ro_3d1a0	ro_3d1a0	global	flash
flash_ro_3d1a4	ro_3d1a4	global	flash
flash_ro_43fa0	ro_43fa0	global	flash
flash_ro_43fa6	ro_43fa6	global	flash
flash_ro_43fa8	ro_43fa8	global	flash
flash_ro_43faa	ro_43faa	global	flash
flash_ro_43fac	ro_43fac	global	flash
flash_ro_43fae	ro_43fae	global	flash
flash_ro_43fb0	ro_43fb0	global	flash
flash_ro_43fb6	ro_43fb6	global	flash
flash_ro_43fb8	ro_43fb8	global	flash
flash_ro_43fe9	ro_43fe9	global	flash
flash_ro_43ff3	ro_43ff3	global	flash
flash_ro_4402c	ro_4402c	global	flash
flash_ro_44354	ro_44354	global	flash
flash_ro_44698	ro_44698	global	flash
flash_ro_460fd	ro_460fd	global	flash
flash_ro_460fe	ro_460fe	global	flash
flash_sub_29988	FUN_00029988	function	flash
flash_sub_29a04	FUN_00029a04	function	flash
flash_sub_2cbc8	FUN_0002cbc8	function	flash
flash_sub_2fef0	FUN_0002fef0	function	flash
flash_sub_3050c	FUN_0003050c	function	flash
flash_sub_31808	FUN_00031808	function	flash
flash_sub_3262c	FUN_0003262c	function	flash
flash_sub_32658	FUN_00032658	function	flash
flash_sub_32e82	FUN_00032e82	function	flash
flash_sub_32f16	FUN_00032f16	function	flash
flash_sub_333f0	FUN_000333f0	function	flash
flash_sub_36cbe	FUN_00036cbe	function	flash
flash_sub_36cee	FUN_00036cee	function	flash
flash_sub_36f88	FUN_00036f88	function	flash
flash_sub_36fec	FUN_00036fec	function	flash
flash_sub_36ff8	FUN_00036ff8	function	flash
flash_sub_37004	FUN_00037004	function	flash
flash_sub_37b02	FUN_00037b02	function	flash
flash_sub_38068	FUN_00038068	function	flash
flash_sub_38072	FUN_00038072	function	flash
flash_sub_38144	FUN_00038144	function	flash
flash_sub_391c0	FUN_000391c0	function	flash
flash_sub_391e2	FUN_000391e2	function	flash
flash_sub_391fc	FUN_000391fc	function	flash
flash_sub_392b8	FUN_000392b8	function	flash
flash_sub_3932e	FUN_0003932e	function	flash
flash_sub_3943c	FUN_0003943c	function	flash
flash_sub_39526	FUN_00039526	function	flash
flash_sub_396da	FUN_000396da	function	flash
flash_sub_39708	FUN_00039708	function	flash
flash_sub_3976e	FUN_0003976e	function	flash
flash_sub_3c2c6	FUN_0003c2c6	function	flash
flash_sub_3c8b6	FUN_0003c8b6	function	flash
flash_sub_3cf7c	FUN_0003cf7c	function	flash
flash_sub_3e4d2	FUN_0003e4d2	function	flash
flash_sub_3e4ea	FUN_0003e4ea	function	flash
input_g_400aa2	var_400aa2	global	input
input_g_400b02	var_400b02	global	input
input_ro_2b698	ro_2b698	global	input
input_ro_32d64	ro_32d64	global	input
input_ro_32d68	ro_32d68	global	input
input_ro_32d6c	ro_32d6c	global	input
input_ro_32d9c	ro_32d9c	global	input
input_ro_32df8	ro_32df8	global	input
input_ro_32dfc	ro_32dfc	global	input
input_ro_32e2c	ro_32e2c	global	input
input_ro_33fb8	ro_33fb8	global	input
input_ro_33fcc	ro_33fcc	global	input
input_ro_33fd0	ro_33fd0	global	input
input_ro_33fd4	ro_33fd4	global	input
input_ro_33fdc	ro_33fdc	global	input
input_ro_33fe0	ro_33fe0	global	input
input_ro_33fe4	ro_33fe4	global	input
input_ro_33fe8	ro_33fe8	global	input
input_ro_33fec	ro_33fec	global	input
input_ro_33ff0	ro_33ff0	global	input
input_ro_33ffc	ro_33ffc	global	input
input_ro_34000	ro_34000	global	input
input_ro_34004	ro_34004	global	input
input_ro_34008	ro_34008	global	input
input_ro_3400c	ro_3400c	global	input
input_ro_34010	ro_34010	global	input
input_ro_3402c	ro_3402c	global	input
input_ro_34a38	ro_34a38	global	input
input_ro_34a58	ro_34a58	global	input
input_ro_34a5c	ro_34a5c	global	input
input_ro_34a60	ro_34a60	global	input
input_ro_3ad04	ro_3ad04	global	input
input_ro_3d0b8	ro_3d0b8	global	input
input_ro_3d108	ro_3d108	global	input
input_ro_3d6c4	ro_3d6c4	global	input
input_ro_3d6cc	ro_3d6cc	global	input
input_ro_3d6d0	ro_3d6d0	global	input
input_ro_3d6d8	ro_3d6d8	global	input
input_ro_3d6e4	ro_3d6e4	global	input
input_ro_3d6ec	ro_3d6ec	global	input
input_ro_3d6f0	ro_3d6f0	global	input
input_ro_3d6f4	ro_3d6f4	global	input
input_ro_42550	ro_42550	global	input
input_ro_4256c	ro_4256c	global	input
input_ro_427f0	ro_427f0	global	input
input_ro_428e0	ro_428e0	global	input
input_ro_4291c	ro_4291c	global	input
input_ro_42920	ro_42920	global	input
input_ro_429f8	ro_429f8	global	input
input_ro_42c54	ro_42c54	global	input
input_ro_42c58	ro_42c58	global	input
input_ro_42c5c	ro_42c5c	global	input
input_ro_42c60	ro_42c60	global	input
input_ro_42c64	ro_42c64	global	input
input_ro_42c68	ro_42c68	global	input
input_ro_42c6c	ro_42c6c	global	input
input_ro_43064	ro_43064	global	input
input_ro_43072	ro_43072	global	input
input_ro_43354	ro_43354	global	input
input_ro_43358	ro_43358	global	input
input_ro_4335c	ro_4335c	global	input
input_ro_43360	ro_43360	global	input
input_sub_311b4	FUN_000311b4	function	input
input_sub_33db8	FUN_00033db8	function	input
input_sub_34414	FUN_00034414	function	input
input_sub_34426	FUN_00034426	function	input
input_sub_39af0	FUN_00039af0	function	input
input_sub_39bae	FUN_00039bae	function	input
input_sub_3a900	FUN_0003a900	function	input
input_sub_3cd24	FUN_0003cd24	function	input
input_sub_3ce00	FUN_0003ce00	function	input
input_sub_3d57c	FUN_0003d57c	function	input
input_sub_3d5dc	FUN_0003d5dc	function	input
input_sub_42484	FUN_00042484	function	input
input_sub_42554	FUN_00042554	function	input
input_sub_42570	FUN_00042570	function	input
input_sub_425d0	FUN_000425d0	function	input
input_sub_425ea	FUN_000425ea	function	input
input_sub_42690	FUN_00042690	function	input
input_sub_427f4	FUN_000427f4	function	input
input_sub_428e4	FUN_000428e4	function	input
input_sub_42924	FUN_00042924	function	input
input_sub_4296c	FUN_0004296c	function	input
input_sub_4298c	FUN_0004298c	function	input
input_sub_429ae	FUN_000429ae	function	input
input_sub_429d4	FUN_000429d4	function	input
input_sub_42b18	FUN_00042b18	function	input
input_sub_42c70	FUN_00042c70	function	input
input_sub_43364	FUN_00043364	function	input
input_sub_43384	FUN_00043384	function	input
input_sub_433b0	FUN_000433b0	function	input
led_g_400a21	var_400a21	global	led
led_g_400a22	var_400a22	global	led
led_g_400a39	var_400a39	global	led
led_g_400a3a	var_400a3a	global	led
led_g_400a70	var_400a70	global	led
led_g_400a7d	var_400a7d	global	led
led_g_400aae	var_400aae	global	led
led_g_400ac1	var_400ac1	global	led
led_g_400acc	var_400acc	global	led
led_g_400ace	var_400ace	global	led
led_g_400ad0	var_400ad0	global	led
led_g_400b4c	var_400b4c	global	led
led_g_400b4d	var_400b4d	global	led
led_g_400b4e	var_400b4e	global	led
led_g_400b51	var_400b51	global	led
led_g_400b52	var_400b52	global	led
led_g_400b53	var_400b53	global	led
led_g_400d7d	var_400d7d	global	led
led_g_400d7e	var_400d7e	global	led
led_g_400d7f	var_400d7f	global	led
led_g_400d80	var_400d80	global	led
led_g_400d81	var_400d81	global	led
led_g_400d82	var_400d82	global	led
led_ro_2a970	ro_2a970	global	led
led_ro_2a974	ro_2a974	global	led
led_ro_2a978	ro_2a978	global	led
led_ro_2a9a0	ro_2a9a0	global	led
led_ro_2ae0c	ro_2ae0c	global	led
led_ro_2ae10	ro_2ae10	global	led
led_ro_2ae14	ro_2ae14	global	led
led_ro_2ae18	ro_2ae18	global	led
led_ro_2ae1c	ro_2ae1c	global	led
led_ro_2ae20	ro_2ae20	global	led
led_ro_2ae24	ro_2ae24	global	led
led_ro_2ae28	ro_2ae28	global	led
led_ro_2ae2c	ro_2ae2c	global	led
led_ro_2ae30	ro_2ae30	global	led
led_ro_2b034	ro_2b034	global	led
led_ro_2b050	ro_2b050	global	led
led_ro_2b054	ro_2b054	global	led
led_ro_2b058	ro_2b058	global	led
led_ro_2b05c	ro_2b05c	global	led
led_ro_2b060	ro_2b060	global	led
led_ro_2b064	ro_2b064	global	led
led_ro_2b068	ro_2b068	global	led
led_ro_2b0ac	ro_2b0ac	global	led
led_ro_2b0b0	ro_2b0b0	global	led
led_ro_2b0b4	ro_2b0b4	global	led
led_ro_2b0d4	ro_2b0d4	global	led
led_ro_2b0d8	ro_2b0d8	global	led
led_ro_2b560	ro_2b560	global	led
led_ro_2bc20	ro_2bc20	global	led
led_ro_2bc24	ro_2bc24	global	led
led_ro_2bc28	ro_2bc28	global	led
led_ro_2bc2c	ro_2bc2c	global	led
led_ro_2bc30	ro_2bc30	global	led
led_ro_2bc34	ro_2bc34	global	led
led_ro_2bc38	ro_2bc38	global	led
led_ro_2bc3c	ro_2bc3c	global	led
led_ro_2bc40	ro_2bc40	global	led
led_ro_2bc44	ro_2bc44	global	led
led_ro_2bc48	ro_2bc48	global	led
led_ro_2bc4c	ro_2bc4c	global	led
led_ro_2bc50	ro_2bc50	global	led
led_ro_2bc54	ro_2bc54	global	led
led_ro_2bc80	ro_2bc80	global	led
led_ro_2bc84	ro_2bc84	global	led
led_ro_2bc88	ro_2bc88	global	led
led_ro_2bc8c	ro_2bc8c	global	led
led_ro_2bc90	ro_2bc90	global	led
led_ro_2bc94	ro_2bc94	global	led
led_ro_2bc98	ro_2bc98	global	led
led_ro_2bc9c	ro_2bc9c	global	led
led_ro_2edd8	ro_2edd8	global	led
led_ro_2eddc	ro_2eddc	global	led
led_ro_2ee00	ro_2ee00	global	led
led_ro_2ee2c	ro_2ee2c	global	led
led_ro_2ee34	ro_2ee34	global	led
led_ro_2ee38	ro_2ee38	global	led
led_ro_2ee3c	ro_2ee3c	global	led
led_ro_2ee40	ro_2ee40	global	led
led_ro_2ee44	ro_2ee44	global	led
led_ro_2ee48	ro_2ee48	global	led
led_ro_2ee4c	ro_2ee4c	global	led
led_ro_2ee50	ro_2ee50	global	led
led_ro_301fc	ro_301fc	global	led
led_ro_30200	ro_30200	global	led
led_ro_30204	ro_30204	global	led
led_ro_30208	ro_30208	global	led
led_ro_3020c	ro_3020c	global	led
led_ro_30210	ro_30210	global	led
led_ro_30214	ro_30214	global	led
led_ro_30218	ro_30218	global	led
led_ro_3021c	ro_3021c	global	led
led_ro_30220	ro_30220	global	led
led_ro_30224	ro_30224	global	led
led_ro_30228	ro_30228	global	led
led_ro_3168c	ro_3168c	global	led
led_ro_31690	ro_31690	global	led
led_ro_31694	ro_31694	global	led
led_ro_31698	ro_31698	global	led
led_ro_3169c	ro_3169c	global	led
led_ro_316a0	ro_316a0	global	led
led_ro_316a4	ro_316a4	global	led
led_ro_316a8	ro_316a8	global	led
led_ro_316ac	ro_316ac	global	led
led_ro_32a90	ro_32a90	global	led
led_ro_32a94	ro_32a94	global	led
led_ro_32a9c	ro_32a9c	global	led
led_ro_32b08	ro_32b08	global	led
led_ro_32e30	ro_32e30	global	led
led_ro_32e34	ro_32e34	global	led
led_ro_32e38	ro_32e38	global	led
led_ro_32e3c	ro_32e3c	global	led
led_ro_32e40	ro_32e40	global	led
led_ro_32e44	ro_32e44	global	led
led_ro_32e48	ro_32e48	global	led
led_ro_32e4c	ro_32e4c	global	led
led_ro_32e50	ro_32e50	global	led
led_ro_34a80	ro_34a80	global	led
led_ro_34a84	ro_34a84	global	led
led_ro_34a90	ro_34a90	global	led
led_ro_36db0	ro_36db0	global	led
led_ro_3bfa4	ro_3bfa4	global	led
led_ro_3d11c	ro_3d11c	global	led
led_ro_43508	ro_43508	global	led
led_ro_4350a	ro_4350a	global	led
led_sub_2a69e	FUN_0002a69e	function	led
led_sub_2c124	FUN_0002c124	function	led
led_sub_2ff18	FUN_0002ff18	function	led
led_sub_31244	FUN_00031244	function	led
led_sub_31454	FUN_00031454	function	led
led_sub_31492	FUN_00031492	function	led
led_sub_314d2	FUN_000314d2	function	led
led_sub_31500	FUN_00031500	function	led
led_sub_31524	FUN_00031524	function	led
led_sub_32892	FUN_00032892	function	led
led_sub_328c2	FUN_000328c2	function	led
led_sub_32942	FUN_00032942	function	led
led_sub_36aae	FUN_00036aae	function	led
led_sub_36ad0	FUN_00036ad0	function	led
led_sub_36caa	FUN_00036caa	function	led
led_sub_36d0e	FUN_00036d0e	function	led
led_sub_36e88	FUN_00036e88	function	led
led_sub_36eb8	FUN_00036eb8	function	led
led_sub_3b5b6	FUN_0003b5b6	function	led
led_sub_3beb4	FUN_0003beb4	function	led
led_sub_3c842	FUN_0003c842	function	led
led_sub_3c852	FUN_0003c852	function	led
led_sub_3c886	FUN_0003c886	function	led
led_sub_3c896	FUN_0003c896	function	led
led_sub_3c8dc	FUN_0003c8dc	function	led
led_sub_3c90c	FUN_0003c90c	function	led
led_sub_3c92c	FUN_0003c92c	function	led
led_sub_3ce52	FUN_0003ce52	function	led
led_sub_3d24a	FUN_0003d24a	function	led
led_sub_3d382	FUN_0003d382	function	led
led_sub_3d3f4	FUN_0003d3f4	function	led
led_sub_3d51e	FUN_0003d51e	function	led
led_sub_3d530	FUN_0003d530	function	led
misc_g_400a17	var_400a17	global	misc
misc_g_400a4f	var_400a4f	global	misc
misc_g_400b2e	var_400b2e	global	misc
misc_g_400b56	var_400b56	global	misc
misc_g_400b58	var_400b58	global	misc
misc_g_400c38	var_400c38	global	misc
misc_g_400c3a	var_400c3a	global	misc
misc_g_400c3c	var_400c3c	global	misc
misc_g_400c40	var_400c40	global	misc
misc_g_400c52	var_400c52	global	misc
misc_g_4010a5	var_4010a5	global	misc
misc_g_4010aa	var_4010aa	global	misc
misc_g_4010ab	var_4010ab	global	misc
misc_g_401350	var_401350	global	misc
misc_g_401351	var_401351	global	misc
misc_g_4013a0	var_4013a0	global	misc
misc_g_401490	var_401490	global	misc
misc_g_403fac	var_403fac	global	misc
misc_g_403fb0	var_403fb0	global	misc
misc_g_403fb4	var_403fb4	global	misc
misc_g_403fb6	var_403fb6	global	misc
misc_g_403fc4	var_403fc4	global	misc
misc_g_403fc8	var_403fc8	global	misc
misc_g_403fcc	var_403fcc	global	misc
misc_g_403fce	var_403fce	global	misc
misc_ro_289f4	ro_289f4	global	misc
misc_ro_289fc	ro_289fc	global	misc
misc_ro_28a04	ro_28a04	global	misc
misc_ro_28a0c	ro_28a0c	global	misc
misc_ro_28a14	ro_28a14	global	misc
misc_ro_297e4	ro_297e4	global	misc
misc_ro_2ada4	ro_2ada4	global	misc
misc_ro_2ada8	ro_2ada8	global	misc
misc_ro_2adac	ro_2adac	global	misc
misc_ro_2adb0	ro_2adb0	global	misc
misc_ro_2b0dc	ro_2b0dc	global	misc
misc_ro_2b0e0	ro_2b0e0	global	misc
misc_ro_2b0e4	ro_2b0e4	global	misc
misc_ro_2b0e8	ro_2b0e8	global	misc
misc_ro_2b0ec	ro_2b0ec	global	misc
misc_ro_2b0f0	ro_2b0f0	global	misc
misc_ro_2b0f4	ro_2b0f4	global	misc
misc_ro_2b0f8	ro_2b0f8	global	misc
misc_ro_2b0fc	ro_2b0fc	global	misc
misc_ro_2b100	ro_2b100	global	misc
misc_ro_2b104	ro_2b104	global	misc
misc_ro_2b108	ro_2b108	global	misc
misc_ro_2b10c	ro_2b10c	global	misc
misc_ro_2b110	ro_2b110	global	misc
misc_ro_2b114	ro_2b114	global	misc
misc_ro_2b118	ro_2b118	global	misc
misc_ro_2b11c	ro_2b11c	global	misc
misc_ro_2b120	ro_2b120	global	misc
misc_ro_2b124	ro_2b124	global	misc
misc_ro_2b5ec	ro_2b5ec	global	misc
misc_ro_2bfc0	ro_2bfc0	global	misc
misc_ro_2c0d8	ro_2c0d8	global	misc
misc_ro_2c2b8	ro_2c2b8	global	misc
misc_ro_2d8a4	ro_2d8a4	global	misc
misc_ro_2de58	ro_2de58	global	misc
misc_ro_2de5c	ro_2de5c	global	misc
misc_ro_2de60	ro_2de60	global	misc
misc_ro_2e634	ro_2e634	global	misc
misc_ro_2e7b8	ro_2e7b8	global	misc
misc_ro_2e804	ro_2e804	global	misc
misc_ro_2f6c8	ro_2f6c8	global	misc
misc_ro_32554	ro_32554	global	misc
misc_ro_3258c	ro_3258c	global	misc
misc_ro_325d8	ro_325d8	global	misc
misc_ro_325dc	ro_325dc	global	misc
misc_ro_325e0	ro_325e0	global	misc
misc_ro_325e4	ro_325e4	global	misc
misc_ro_325e8	ro_325e8	global	misc
misc_ro_32fbc	ro_32fbc	global	misc
misc_ro_32fc0	ro_32fc0	global	misc
misc_ro_32fc4	ro_32fc4	global	misc
misc_ro_32fc8	ro_32fc8	global	misc
misc_ro_32fcc	ro_32fcc	global	misc
misc_ro_32fd0	ro_32fd0	global	misc
misc_ro_32fd4	ro_32fd4	global	misc
misc_ro_32fd8	ro_32fd8	global	misc
misc_ro_32fe0	ro_32fe0	global	misc
misc_ro_38340	ro_38340	global	misc
misc_ro_38344	ro_38344	global	misc
misc_ro_399a0	ro_399a0	global	misc
misc_ro_399a4	ro_399a4	global	misc
misc_ro_399a8	ro_399a8	global	misc
misc_ro_399ac	ro_399ac	global	misc
misc_ro_39c08	ro_39c08	global	misc
misc_ro_3a8fc	ro_3a8fc	global	misc
misc_ro_3ad2c	ro_3ad2c	global	misc
misc_ro_3ad94	ro_3ad94	global	misc
misc_ro_3ad98	ro_3ad98	global	misc
misc_ro_3ae34	ro_3ae34	global	misc
misc_ro_3ae38	ro_3ae38	global	misc
misc_ro_3c164	ro_3c164	global	misc
misc_ro_3c168	ro_3c168	global	misc
misc_ro_3c808	ro_3c808	global	misc
misc_ro_3e104	ro_3e104	global	misc
misc_ro_3f498	ro_3f498	global	misc
misc_ro_40154	ro_40154	global	misc
misc_ro_40cdc	ro_40cdc	global	misc
misc_ro_41fb4	ro_41fb4	global	misc
misc_ro_42964	ro_42964	global	misc
misc_ro_42968	ro_42968	global	misc
misc_ro_4469d	ro_4469d	global	misc
misc_ro_4469e	ro_4469e	global	misc
misc_ro_4469f	ro_4469f	global	misc
misc_ro_4624c	ro_4624c	global	misc
misc_ro_462e4	ro_462e4	global	misc
misc_ro_463d8	ro_463d8	global	misc
misc_ro_464ac	ro_464ac	global	misc
misc_ro_465b8	ro_465b8	global	misc
misc_ro_46740	ro_46740	global	misc
misc_ro_467cc	ro_467cc	global	misc
misc_ro_46ca4	ro_46ca4	global	misc
misc_ro_46ca8	ro_46ca8	global	misc
misc_ro_46cac	ro_46cac	global	misc
misc_ro_46cb0	ro_46cb0	global	misc
misc_sub_289f0	FUN_000289f0	function	
misc_sub_289f8	FUN_000289f8	function	
misc_sub_28a00	FUN_00028a00	function	
misc_sub_28a08	FUN_00028a08	function	
misc_sub_28a10	FUN_00028a10	function	
misc_sub_294f8	FUN_000294f8	function	
misc_sub_29764	FUN_00029764	function	
misc_sub_2a9d0	FUN_0002a9d0	function	
misc_sub_2af72	FUN_0002af72	function	
misc_sub_2be06	FUN_0002be06	function	
misc_sub_2bf04	FUN_0002bf04	function	
misc_sub_2c046	FUN_0002c046	function	
misc_sub_2c0dc	FUN_0002c0dc	function	
misc_sub_2cda6	FUN_0002cda6	function	
misc_sub_2d4a0	FUN_0002d4a0	function	
misc_sub_2da7e	FUN_0002da7e	function	
misc_sub_2f4da	FUN_0002f4da	function	
misc_sub_2f61c	FUN_0002f61c	function	
misc_sub_2f9e4	FUN_0002f9e4	function	
misc_sub_30f34	FUN_00030f34	function	
misc_sub_324a4	FUN_000324a4	function	
misc_sub_32eae	FUN_00032eae	function	
misc_sub_32f40	FUN_00032f40	function	
misc_sub_32fe6	FUN_00032fe6	function	
misc_sub_36b14	FUN_00036b14	function	
misc_sub_36f34	FUN_00036f34	function	
misc_sub_36f56	FUN_00036f56	function	
misc_sub_3779a	FUN_0003779a	function	
misc_sub_377d6	FUN_000377d6	function	
misc_sub_382ec	FUN_000382ec	function	
misc_sub_3838c	FUN_0003838c	function	
misc_sub_39696	FUN_00039696	function	
misc_sub_39b36	FUN_00039b36	function	
misc_sub_39c1e	FUN_00039c1e	function	
misc_sub_3a776	FUN_0003a776	function	
misc_sub_3a7a4	FUN_0003a7a4	function	
misc_sub_3a990	FUN_0003a990	function	
misc_sub_3aa88	FUN_0003aa88	function	
misc_sub_3aaae	FUN_0003aaae	function	
misc_sub_3ab30	FUN_0003ab30	function	
misc_sub_3ab60	FUN_0003ab60	function	
misc_sub_3aba4	FUN_0003aba4	function	
misc_sub_3ac82	FUN_0003ac82	function	
misc_sub_3aca4	FUN_0003aca4	function	
misc_sub_3ad9c	FUN_0003ad9c	function	
misc_sub_3b73e	FUN_0003b73e	function	
misc_sub_3b74a	FUN_0003b74a	function	
misc_sub_3b760	FUN_0003b760	function	
misc_sub_3b7ce	FUN_0003b7ce	function	
misc_sub_3b7d4	FUN_0003b7d4	function	
misc_sub_3b882	FUN_0003b882	function	
misc_sub_3b9dc	FUN_0003b9dc	function	
misc_sub_3b9f2	FUN_0003b9f2	function	
misc_sub_3c0e4	FUN_0003c0e4	function	
misc_sub_3c114	FUN_0003c114	function	
misc_sub_3c2e6	FUN_0003c2e6	function	
misc_sub_3c338	FUN_0003c338	function	
misc_sub_3c39c	FUN_0003c39c	function	
misc_sub_3c51a	FUN_0003c51a	function	
misc_sub_3c534	FUN_0003c534	function	
misc_sub_3c57a	FUN_0003c57a	function	
misc_sub_3c738	FUN_0003c738	function	
misc_sub_3c75a	FUN_0003c75a	function	
misc_sub_3dd56	FUN_0003dd56	function	
misc_sub_3e7b4	FUN_0003e7b4	function	
misc_sub_3e976	FUN_0003e976	function	
misc_sub_3e9b8	FUN_0003e9b8	function	
misc_sub_3e9f8	FUN_0003e9f8	function	
misc_sub_3ec18	FUN_0003ec18	function	
misc_sub_3ec6a	FUN_0003ec6a	function	
misc_sub_3ee3a	FUN_0003ee3a	function	
misc_sub_3efc6	FUN_0003efc6	function	
misc_sub_3efee	FUN_0003efee	function	
misc_sub_3eff4	FUN_0003eff4	function	
misc_sub_3f02a	FUN_0003f02a	function	
misc_sub_3f066	FUN_0003f066	function	
misc_sub_3f370	FUN_0003f370	function	
misc_sub_3f464	FUN_0003f464	function	
misc_sub_3fa7a	FUN_0003fa7a	function	
misc_sub_3fb64	FUN_0003fb64	function	
misc_sub_3fd3a	FUN_0003fd3a	function	
misc_sub_4008a	FUN_0004008a	function	
misc_sub_4012e	FUN_0004012e	function	
misc_sub_40528	FUN_00040528	function	
misc_sub_40be8	FUN_00040be8	function	
misc_sub_40d28	FUN_00040d28	function	
misc_sub_41540	FUN_00041540	function	
misc_sub_41552	FUN_00041552	function	
misc_sub_41574	FUN_00041574	function	
misc_sub_4157a	FUN_0004157a	function	
misc_sub_4186c	FUN_0004186c	function	
misc_sub_41efc	FUN_00041efc	function	
misc_sub_41f5e	FUN_00041f5e	function	
misc_sub_4294c	FUN_0004294c	function	
misc_sub_42af0	FUN_00042af0	function	
misc_sub_4407a	FUN_0004407a	function	
ota_g_400d10	var_400d10	global	ota
ota_g_400d11	var_400d11	global	ota
ota_g_400d12	var_400d12	global	ota
ota_g_400d14	var_400d14	global	ota
ota_g_400d16	var_400d16	global	ota
ota_g_400d18	var_400d18	global	ota
ota_g_4040a0	var_4040a0	global	ota
ota_g_4040a2	var_4040a2	global	ota
ota_g_4040b9	var_4040b9	global	ota
ota_ro_2cb64	ro_2cb64	global	ota
ota_ro_39194	ro_39194	global	ota
ota_ro_3ebc0	ro_3ebc0	global	ota
ota_ro_3fcf0	ro_3fcf0	global	ota
ota_ro_40864	ro_40864	global	ota
ota_ro_40888	ro_40888	global	ota
ota_ro_40954	ro_40954	global	ota
ota_ro_40c18	ro_40c18	global	ota
ota_ro_40c30	ro_40c30	global	ota
ota_ro_40c34	ro_40c34	global	ota
ota_ro_40c38	ro_40c38	global	ota
ota_ro_40c3c	ro_40c3c	global	ota
ota_ro_41fb8	ro_41fb8	global	ota
ota_ro_44388	ro_44388	global	ota
ota_sub_3e7d2	FUN_0003e7d2	function	ota
ota_sub_3e854	FUN_0003e854	function	ota
ota_sub_3e888	FUN_0003e888	function	ota
ota_sub_3e8c2	FUN_0003e8c2	function	ota
ota_sub_3e902	FUN_0003e902	function	ota
ota_sub_3eb28	FUN_0003eb28	function	ota
ota_sub_3ee1a	FUN_0003ee1a	function	ota
ota_sub_3ee2a	FUN_0003ee2a	function	ota
ota_sub_3f3cc	FUN_0003f3cc	function	ota
ota_sub_3f418	FUN_0003f418	function	ota
ota_sub_3fb24	FUN_0003fb24	function	ota
ota_sub_3fbda	FUN_0003fbda	function	ota
ota_sub_400e2	FUN_000400e2	function	ota
ota_sub_40568	FUN_00040568	function	ota
ota_sub_406c0	FUN_000406c0	function	ota
ota_sub_40768	FUN_00040768	function	ota
ota_sub_41f62	FUN_00041f62	function	ota
power_g_400a3c	var_400a3c	global	power
power_g_400a3d	var_400a3d	global	power
power_g_400a72	var_400a72	global	power
power_g_400a7a	var_400a7a	global	power
power_g_400a92	var_400a92	global	power
power_g_400ae3	var_400ae3	global	power
power_g_400c06	var_400c06	global	power
power_g_400c08	var_400c08	global	power
power_g_400c4a	var_400c4a	global	power
power_g_400c4c	var_400c4c	global	power
power_g_400c4e	var_400c4e	global	power
power_ro_2af73	ro_2af73	global	power
power_ro_2b528	ro_2b528	global	power
power_ro_2b52c	ro_2b52c	global	power
power_ro_2b534	ro_2b534	global	power
power_ro_2b538	ro_2b538	global	power
power_ro_2b53c	ro_2b53c	global	power
power_ro_2b540	ro_2b540	global	power
power_ro_2b568	ro_2b568	global	power
power_ro_2b56c	ro_2b56c	global	power
power_ro_2be48	ro_2be48	global	power
power_ro_2be4c	ro_2be4c	global	power
power_ro_2be50	ro_2be50	global	power
power_ro_2be54	ro_2be54	global	power
power_ro_2be58	ro_2be58	global	power
power_ro_2be5c	ro_2be5c	global	power
power_ro_2be60	ro_2be60	global	power
power_ro_2be64	ro_2be64	global	power
power_ro_2be80	ro_2be80	global	power
power_ro_2be84	ro_2be84	global	power
power_ro_34a9c	ro_34a9c	global	power
power_ro_34aa0	ro_34aa0	global	power
power_ro_34aa4	ro_34aa4	global	power
power_ro_34ae4	ro_34ae4	global	power
power_ro_34ae8	ro_34ae8	global	power
power_ro_34aec	ro_34aec	global	power
power_ro_34af0	ro_34af0	global	power
power_ro_34af4	ro_34af4	global	power
power_ro_34af8	ro_34af8	global	power
power_ro_34afc	ro_34afc	global	power
power_ro_34b00	ro_34b00	global	power
power_ro_34b04	ro_34b04	global	power
power_ro_34b08	ro_34b08	global	power
power_ro_34b0c	ro_34b0c	global	power
power_ro_34b10	ro_34b10	global	power
power_ro_34b14	ro_34b14	global	power
power_ro_34b18	ro_34b18	global	power
power_ro_34b1c	ro_34b1c	global	power
power_ro_34b38	ro_34b38	global	power
power_ro_34b3c	ro_34b3c	global	power
power_ro_34b40	ro_34b40	global	power
power_ro_34b7c	ro_34b7c	global	power
power_ro_34ba4	ro_34ba4	global	power
power_ro_34fbc	ro_34fbc	global	power
power_ro_34fc0	ro_34fc0	global	power
power_ro_34fc8	ro_34fc8	global	power
power_ro_3501c	ro_3501c	global	power
power_ro_35020	ro_35020	global	power
power_ro_35028	ro_35028	global	power
power_ro_35068	ro_35068	global	power
power_ro_3506c	ro_3506c	global	power
power_ro_350a8	ro_350a8	global	power
power_ro_350ac	ro_350ac	global	power
power_ro_350b0	ro_350b0	global	power
power_ro_35b84	ro_35b84	global	power
power_ro_35b88	ro_35b88	global	power
power_ro_35b8c	ro_35b8c	global	power
power_ro_35b90	ro_35b90	global	power
power_ro_35b94	ro_35b94	global	power
power_ro_35e28	ro_35e28	global	power
power_ro_35e2c	ro_35e2c	global	power
power_ro_3738c	ro_3738c	global	power
power_ro_37390	ro_37390	global	power
power_ro_39058	ro_39058	global	power
power_ro_3905c	ro_3905c	global	power
power_ro_390ac	ro_390ac	global	power
power_ro_390d0	ro_390d0	global	power
power_ro_390d4	ro_390d4	global	power
power_ro_390d8	ro_390d8	global	power
power_ro_390dc	ro_390dc	global	power
power_ro_390e0	ro_390e0	global	power
power_ro_390e4	ro_390e4	global	power
power_ro_390f0	ro_390f0	global	power
power_ro_390f4	ro_390f4	global	power
power_ro_390f8	ro_390f8	global	power
power_ro_390fc	ro_390fc	global	power
power_ro_39154	ro_39154	global	power
power_ro_39158	ro_39158	global	power
power_ro_3915c	ro_3915c	global	power
power_ro_3a024	ro_3a024	global	power
power_ro_3a040	ro_3a040	global	power
power_ro_3a8f0	ro_3a8f0	global	power
power_ro_3a8f4	ro_3a8f4	global	power
power_ro_3a8f8	ro_3a8f8	global	power
power_ro_3b348	ro_3b348	global	power
power_ro_3b6b8	ro_3b6b8	global	power
power_ro_3b6c0	ro_3b6c0	global	power
power_ro_3b6cc	ro_3b6cc	global	power
power_ro_3b6d0	ro_3b6d0	global	power
power_ro_3b6d4	ro_3b6d4	global	power
power_ro_3b6d8	ro_3b6d8	global	power
power_ro_445f1	ro_445f1	global	power
power_sub_2aa44	FUN_0002aa44	function	power
power_sub_2b128	FUN_0002b128	function	power
power_sub_2b166	FUN_0002b166	function	power
power_sub_2bcac	FUN_0002bcac	function	power
power_sub_2bd48	FUN_0002bd48	function	power
power_sub_2be1c	FUN_0002be1c	function	power
power_sub_3297e	FUN_0003297e	function	power
power_sub_33cfc	FUN_00033cfc	function	power
power_sub_33cfe	FUN_00033cfe	function	power
power_sub_3587a	FUN_0003587a	function	power
power_sub_35c9c	FUN_00035c9c	function	power
power_sub_36fa2	FUN_00036fa2	function	power
power_sub_36fc4	FUN_00036fc4	function	power
power_sub_371ac	FUN_000371ac	function	power
power_sub_371c2	FUN_000371c2	function	power
power_sub_377fe	FUN_000377fe	function	power
power_sub_37a88	FUN_00037a88	function	power
power_sub_37a94	FUN_00037a94	function	power
power_sub_3834c	FUN_0003834c	function	power
power_sub_3b214	FUN_0003b214	function	power
power_sub_3b3f2	FUN_0003b3f2	function	power
power_sub_3b568	FUN_0003b568	function	power
power_sub_3b5f8	FUN_0003b5f8	function	power
power_sub_3bf0a	FUN_0003bf0a	function	power
power_sub_3c174	FUN_0003c174	function	power
power_sub_3c1c6	FUN_0003c1c6	function	power
power_sub_3d508	FUN_0003d508	function	power
power_sub_3d546	FUN_0003d546	function	power
reg_100a180	reg_100a180	global	usb
reg_800000	reg_800000	global	shared
reg_800004	reg_800004	global	shared
reg_800008	reg_800008	global	ble
reg_80000c	reg_80000c	global	shared
reg_800010	reg_800010	global	shared
reg_800034	reg_800034	global	shared
reg_800040	reg_800040	global	shared
reg_800044	reg_800044	global	ble
reg_800048	reg_800048	global	shared
reg_80005c	reg_80005c	global	ble
reg_800078	reg_800078	global	power
reg_800800	reg_800800	global	shared
reg_800804	reg_800804	global	rf24
reg_80080c	reg_80080c	global	shared
reg_800810	reg_800810	global	misc
reg_800814	reg_800814	global	power
reg_800840	reg_800840	global	usb
reg_800848	reg_800848	global	usb
reg_80084c	reg_80084c	global	usb
reg_800850	reg_800850	global	ble
reg_800900	reg_800900	global	shared
reg_800904	reg_800904	global	led
reg_800908	reg_800908	global	led
reg_800a00	reg_800a00	global	shared
reg_800a04	reg_800a04	global	ble
reg_800a08	reg_800a08	global	ble
reg_800a0c	reg_800a0c	global	ble
reg_800a1c	reg_800a1c	global	shared
reg_800a20	reg_800a20	global	shared
reg_800a24	reg_800a24	global	shared
reg_800a28	reg_800a28	global	shared
reg_800a40	reg_800a40	global	shared
reg_800a44	reg_800a44	global	shared
reg_800a48	reg_800a48	global	shared
reg_800a4c	reg_800a4c	global	shared
reg_800a50	reg_800a50	global	shared
reg_800a54	reg_800a54	global	shared
reg_800a58	reg_800a58	global	shared
reg_800a5c	reg_800a5c	global	shared
reg_800a60	reg_800a60	global	shared
reg_800a64	reg_800a64	global	shared
reg_800a6c	reg_800a6c	global	shared
reg_800a70	reg_800a70	global	shared
reg_800a7c	reg_800a7c	global	ble
reg_800ac0	reg_800ac0	global	shared
reg_800ac4	reg_800ac4	global	shared
reg_800acc	reg_800acc	global	shared
reg_800ad4	reg_800ad4	global	shared
reg_800c00	reg_800c00	global	shared
reg_800c04	reg_800c04	global	shared
reg_800c08	reg_800c08	global	shared
reg_802000	reg_802000	global	shared
reg_802004	reg_802004	global	shared
reg_802008	reg_802008	global	ble
reg_802010	reg_802010	global	flash
reg_802014	reg_802014	global	flash
reg_80201c	reg_80201c	global	shared
reg_803000	reg_803000	global	misc
reg_803004	reg_803004	global	misc
reg_803008	reg_803008	global	misc
reg_80300c	reg_80300c	global	misc
reg_803010	reg_803010	global	misc
reg_803014	reg_803014	global	misc
reg_803018	reg_803018	global	misc
reg_80301c	reg_80301c	global	misc
reg_803344	reg_803344	global	rf24
reg_804000	reg_804000	global	shared
reg_804001	reg_804001	global	usb
reg_804002	reg_804002	global	rf24
reg_804003	reg_804003	global	rf24
reg_804004	reg_804004	global	rf24
reg_804005	reg_804005	global	rf24
reg_804006	reg_804006	global	rf24
reg_804007	reg_804007	global	shared
reg_804008	reg_804008	global	shared
reg_804009	reg_804009	global	shared
reg_80400a	reg_80400a	global	shared
reg_80400b	reg_80400b	global	shared
reg_80400c	reg_80400c	global	usb
reg_80400d	reg_80400d	global	usb
reg_80400e	reg_80400e	global	shared
reg_80400f	reg_80400f	global	shared
reg_804010	reg_804010	global	usb
reg_804011	reg_804011	global	shared
reg_804012	reg_804012	global	usb
reg_804013	reg_804013	global	usb
reg_804014	reg_804014	global	shared
reg_804015	reg_804015	global	usb
reg_804016	reg_804016	global	flash
reg_804017	reg_804017	global	flash
reg_804080	reg_804080	global	shared
reg_804084	reg_804084	global	power
reg_804088	reg_804088	global	power
reg_80408c	reg_80408c	global	shared
reg_804094	reg_804094	global	power
reg_80409c	reg_80409c	global	power
reg_805000	reg_805000	global	usb
reg_805004	reg_805004	global	usb
reg_805008	reg_805008	global	usb
reg_80500c	reg_80500c	global	usb
reg_805010	reg_805010	global	usb
reg_805014	reg_805014	global	shared
reg_805018	reg_805018	global	usb
reg_80501c	reg_80501c	global	shared
reg_805030	reg_805030	global	usb
reg_805044	reg_805044	global	usb
reg_805048	reg_805048	global	usb
reg_80504c	reg_80504c	global	usb
reg_805050	reg_805050	global	usb
reg_805054	reg_805054	global	shared
reg_805068	reg_805068	global	usb
reg_80506c	reg_80506c	global	usb
reg_805070	reg_805070	global	usb
reg_805074	reg_805074	global	usb
reg_805078	reg_805078	global	usb
reg_80507c	reg_80507c	global	usb
reg_805080	reg_805080	global	usb
reg_805084	reg_805084	global	usb
reg_805088	reg_805088	global	usb
reg_805098	reg_805098	global	usb
reg_8050c0	reg_8050c0	global	shared
reg_8050d4	reg_8050d4	global	shared
reg_8050d8	reg_8050d8	global	shared
reg_8050dc	reg_8050dc	global	shared
reg_805100	reg_805100	global	shared
reg_805110	reg_805110	global	led
reg_806200	reg_806200	global	shared
reg_806204	reg_806204	global	shared
reg_806208	reg_806208	global	shared
reg_80620c	reg_80620c	global	shared
reg_806300	reg_806300	global	ble
reg_806304	reg_806304	global	ble
reg_806308	reg_806308	global	ble
reg_80630c	reg_80630c	global	ble
reg_806310	reg_806310	global	ble
reg_806314	reg_806314	global	ble
reg_806318	reg_806318	global	ble
reg_80631c	reg_80631c	global	ble
reg_806500	reg_806500	global	shared
reg_806504	reg_806504	global	shared
reg_806508	reg_806508	global	shared
reg_80650c	reg_80650c	global	shared
reg_806600	reg_806600	global	shared
reg_806604	reg_806604	global	shared
reg_806608	reg_806608	global	shared
reg_80660c	reg_80660c	global	shared
reg_806700	reg_806700	global	shared
reg_806708	reg_806708	global	power
reg_80670c	reg_80670c	global	power
reg_806710	reg_806710	global	power
reg_806a08	reg_806a08	global	shared
reg_806a0c	reg_806a0c	global	shared
reg_806a14	reg_806a14	global	dbg
reg_806d00	reg_806d00	global	timer
reg_806d04	reg_806d04	global	timer
reg_806d0c	reg_806d0c	global	timer
reg_806e00	reg_806e00	global	shared
reg_806e04	reg_806e04	global	usb
reg_806e08	reg_806e08	global	usb
reg_806e0c	reg_806e0c	global	usb
reg_806e10	reg_806e10	global	usb
reg_806e14	reg_806e14	global	usb
reg_806e18	reg_806e18	global	shared
reg_806e1c	reg_806e1c	global	shared
reg_806e20	reg_806e20	global	usb
reg_806e24	reg_806e24	global	shared
reg_806e28	reg_806e28	global	shared
reg_806e2c	reg_806e2c	global	usb
reg_806e30	reg_806e30	global	shared
reg_806e34	reg_806e34	global	usb
reg_806e38	reg_806e38	global	usb
reg_806e3c	reg_806e3c	global	usb
reg_806e48	reg_806e48	global	usb
reg_806e70	reg_806e70	global	usb
reg_806e74	reg_806e74	global	usb
reg_806e78	reg_806e78	global	usb
reg_806e7c	reg_806e7c	global	usb
reg_806e80	reg_806e80	global	usb
reg_806e84	reg_806e84	global	usb
reg_806e88	reg_806e88	global	usb
reg_806e8c	reg_806e8c	global	usb
reg_806e90	reg_806e90	global	usb
reg_806e94	reg_806e94	global	usb
reg_806e98	reg_806e98	global	usb
reg_806e9c	reg_806e9c	global	usb
reg_806ea0	reg_806ea0	global	usb
reg_806ea4	reg_806ea4	global	usb
reg_806ea8	reg_806ea8	global	usb
reg_806eac	reg_806eac	global	usb
reg_806eb0	reg_806eb0	global	usb
reg_806eb4	reg_806eb4	global	usb
reg_806eb8	reg_806eb8	global	usb
reg_806ebc	reg_806ebc	global	usb
reg_806ec0	reg_806ec0	global	usb
reg_806ec4	reg_806ec4	global	usb
reg_806ec8	reg_806ec8	global	usb
reg_806ecc	reg_806ecc	global	usb
reg_806ed0	reg_806ed0	global	usb
reg_806ed4	reg_806ed4	global	usb
reg_806ed8	reg_806ed8	global	usb
reg_806edc	reg_806edc	global	usb
reg_806ee0	reg_806ee0	global	usb
reg_806ee4	reg_806ee4	global	usb
reg_806ee8	reg_806ee8	global	usb
reg_806eec	reg_806eec	global	usb
reg_806ef0	reg_806ef0	global	usb
reg_806ef4	reg_806ef4	global	usb
reg_806ef8	reg_806ef8	global	usb
reg_806efc	reg_806efc	global	usb
reg_806f00	reg_806f00	global	usb
reg_806f04	reg_806f04	global	usb
reg_806f08	reg_806f08	global	usb
reg_806f0c	reg_806f0c	global	usb
reg_806f10	reg_806f10	global	usb
reg_806f14	reg_806f14	global	usb
reg_806f18	reg_806f18	global	usb
reg_806f1c	reg_806f1c	global	usb
reg_806f20	reg_806f20	global	usb
reg_806f24	reg_806f24	global	usb
reg_806f28	reg_806f28	global	usb
reg_806f2c	reg_806f2c	global	usb
reg_806f30	reg_806f30	global	usb
reg_806f34	reg_806f34	global	usb
reg_806f38	reg_806f38	global	usb
reg_806f3c	reg_806f3c	global	usb
reg_812800	reg_812800	global	ble
reg_81340c	reg_81340c	global	ble
reg_814100	reg_814100	global	ble
reg_814140	reg_814140	global	misc
reg_820000	reg_820000	global	shared
reg_820018	reg_820018	global	shared
reg_82001c	reg_82001c	global	rf24
reg_820020	reg_820020	global	shared
reg_820030	reg_820030	global	shared
reg_820034	reg_820034	global	shared
reg_820038	reg_820038	global	rf24
reg_82003c	reg_82003c	global	shared
reg_820040	reg_820040	global	shared
reg_820044	reg_820044	global	rf24
reg_820074	reg_820074	global	ble
reg_8200e0	reg_8200e0	global	ble
reg_820800	reg_820800	global	ble
reg_82080c	reg_82080c	global	ble
reg_820810	reg_820810	global	rf24
reg_820814	reg_820814	global	shared
reg_820860	reg_820860	global	rf24
reg_820878	reg_820878	global	ble
reg_820880	reg_820880	global	ble
reg_820884	reg_820884	global	ble
reg_820888	reg_820888	global	ble
reg_82088c	reg_82088c	global	ble
reg_820890	reg_820890	global	ble
reg_820894	reg_820894	global	ble
reg_820898	reg_820898	global	ble
reg_82089c	reg_82089c	global	ble
rf24_g_400a1b	var_400a1b	global	rf24
rf24_g_400a78	var_400a78	global	rf24
rf24_g_400abe	var_400abe	global	rf24
rf24_g_400c00	var_400c00	global	rf24
rf24_g_400c44	var_400c44	global	rf24
rf24_g_400dbd	var_400dbd	global	rf24
rf24_g_401013	var_401013	global	rf24
rf24_g_401014	var_401014	global	rf24
rf24_g_401015	var_401015	global	rf24
rf24_g_401019	var_401019	global	rf24
rf24_g_40101b	var_40101b	global	rf24
rf24_ro_2a2ec	ro_2a2ec	global	rf24
rf24_ro_2a2f0	ro_2a2f0	global	rf24
rf24_ro_2a2f4	ro_2a2f4	global	rf24
rf24_ro_2a2f8	ro_2a2f8	global	rf24
rf24_ro_2a2fc	ro_2a2fc	global	rf24
rf24_ro_2a304	ro_2a304	global	rf24
rf24_ro_2a308	ro_2a308	global	rf24
rf24_ro_2a334	ro_2a334	global	rf24
rf24_ro_2a368	ro_2a368	global	rf24
rf24_ro_2a38c	ro_2a38c	global	rf24
rf24_ro_2a428	ro_2a428	global	rf24
rf24_ro_2a42c	ro_2a42c	global	rf24
rf24_ro_2a434	ro_2a434	global	rf24
rf24_ro_2b574	ro_2b574	global	rf24
rf24_ro_2b578	ro_2b578	global	rf24
rf24_ro_2b57c	ro_2b57c	global	rf24
rf24_ro_2b580	ro_2b580	global	rf24
rf24_ro_2b584	ro_2b584	global	rf24
rf24_ro_2d3a4	ro_2d3a4	global	rf24
rf24_ro_2d3f8	ro_2d3f8	global	rf24
rf24_ro_2d3fc	ro_2d3fc	global	rf24
rf24_ro_2d414	ro_2d414	global	rf24
rf24_ro_2d418	ro_2d418	global	rf24
rf24_ro_2d41c	ro_2d41c	global	rf24
rf24_ro_2d420	ro_2d420	global	rf24
rf24_ro_2d434	ro_2d434	global	rf24
rf24_ro_2d438	ro_2d438	global	rf24
rf24_ro_2d43c	ro_2d43c	global	rf24
rf24_ro_2d480	ro_2d480	global	rf24
rf24_ro_2d484	ro_2d484	global	rf24
rf24_ro_2fc98	ro_2fc98	global	rf24
rf24_ro_2fc9c	ro_2fc9c	global	rf24
rf24_ro_2fca0	ro_2fca0	global	rf24
rf24_ro_2fcb8	ro_2fcb8	global	rf24
rf24_ro_2fccc	ro_2fccc	global	rf24
rf24_ro_2fcd0	ro_2fcd0	global	rf24
rf24_ro_2fd38	ro_2fd38	global	rf24
rf24_ro_2fd60	ro_2fd60	global	rf24
rf24_ro_2fd94	ro_2fd94	global	rf24
rf24_ro_2fd98	ro_2fd98	global	rf24
rf24_ro_2fd9c	ro_2fd9c	global	rf24
rf24_ro_2fda0	ro_2fda0	global	rf24
rf24_ro_2fda4	ro_2fda4	global	rf24
rf24_ro_2fda8	ro_2fda8	global	rf24
rf24_ro_2fdb8	ro_2fdb8	global	rf24
rf24_ro_2fdbc	ro_2fdbc	global	rf24
rf24_ro_30130	ro_30130	global	rf24
rf24_ro_30148	ro_30148	global	rf24
rf24_ro_3014c	ro_3014c	global	rf24
rf24_ro_30150	ro_30150	global	rf24
rf24_ro_30158	ro_30158	global	rf24
rf24_ro_3015c	ro_3015c	global	rf24
rf24_ro_30180	ro_30180	global	rf24
rf24_ro_30184	ro_30184	global	rf24
rf24_ro_301bc	ro_301bc	global	rf24
rf24_ro_301c0	ro_301c0	global	rf24
rf24_ro_301c4	ro_301c4	global	rf24
rf24_ro_301c8	ro_301c8	global	rf24
rf24_ro_301cc	ro_301cc	global	rf24
rf24_ro_301d0	ro_301d0	global	rf24
rf24_ro_301d4	ro_301d4	global	rf24
rf24_ro_3460c	ro_3460c	global	rf24
rf24_ro_34610	ro_34610	global	rf24
rf24_ro_34614	ro_34614	global	rf24
rf24_ro_3462c	ro_3462c	global	rf24
rf24_ro_34630	ro_34630	global	rf24
rf24_ro_34634	ro_34634	global	rf24
rf24_ro_350cc	ro_350cc	global	rf24
rf24_ro_350d0	ro_350d0	global	rf24
rf24_ro_350ec	ro_350ec	global	rf24
rf24_ro_35108	ro_35108	global	rf24
rf24_ro_3512c	ro_3512c	global	rf24
rf24_ro_35148	ro_35148	global	rf24
rf24_ro_35150	ro_35150	global	rf24
rf24_ro_35154	ro_35154	global	rf24
rf24_ro_35e48	ro_35e48	global	rf24
rf24_ro_35e4c	ro_35e4c	global	rf24
rf24_ro_35e50	ro_35e50	global	rf24
rf24_ro_35e58	ro_35e58	global	rf24
rf24_ro_35e5c	ro_35e5c	global	rf24
rf24_ro_35e60	ro_35e60	global	rf24
rf24_ro_35e64	ro_35e64	global	rf24
rf24_ro_35e68	ro_35e68	global	rf24
rf24_ro_35e6c	ro_35e6c	global	rf24
rf24_ro_35e70	ro_35e70	global	rf24
rf24_ro_35e74	ro_35e74	global	rf24
rf24_ro_35e88	ro_35e88	global	rf24
rf24_ro_36da0	ro_36da0	global	rf24
rf24_ro_36da4	ro_36da4	global	rf24
rf24_ro_36dac	ro_36dac	global	rf24
rf24_ro_3bd1c	ro_3bd1c	global	rf24
rf24_ro_3c16c	ro_3c16c	global	rf24
rf24_ro_3c170	ro_3c170	global	rf24
rf24_ro_3dcd0	ro_3dcd0	global	rf24
rf24_ro_3e1c4	ro_3e1c4	global	rf24
rf24_ro_3e1c8	ro_3e1c8	global	rf24
rf24_ro_4409a	ro_4409a	global	rf24
rf24_ro_44127	ro_44127	global	rf24
rf24_ro_44128	ro_44128	global	rf24
rf24_ro_44129	ro_44129	global	rf24
rf24_ro_4412a	ro_4412a	global	rf24
rf24_ro_4423f	ro_4423f	global	rf24
rf24_ro_44240	ro_44240	global	rf24
rf24_ro_44241	ro_44241	global	rf24
rf24_ro_44242	ro_44242	global	rf24
rf24_ro_44269	ro_44269	global	rf24
rf24_ro_4426a	ro_4426a	global	rf24
rf24_ro_4426b	ro_4426b	global	rf24
rf24_ro_4426c	ro_4426c	global	rf24
rf24_ro_44293	ro_44293	global	rf24
rf24_ro_44294	ro_44294	global	rf24
rf24_ro_44295	ro_44295	global	rf24
rf24_ro_44296	ro_44296	global	rf24
rf24_ro_442bd	ro_442bd	global	rf24
rf24_ro_442be	ro_442be	global	rf24
rf24_ro_442bf	ro_442bf	global	rf24
rf24_ro_442c0	ro_442c0	global	rf24
rf24_ro_442e5	ro_442e5	global	rf24
rf24_ro_442e6	ro_442e6	global	rf24
rf24_ro_442e7	ro_442e7	global	rf24
rf24_ro_442e8	ro_442e8	global	rf24
rf24_ro_461a4	ro_461a4	global	rf24
rf24_sub_28aa0	FUN_00028aa0	function	rf24
rf24_sub_29ab0	FUN_00029ab0	function	rf24
rf24_sub_29ed8	FUN_00029ed8	function	rf24
rf24_sub_29ef2	FUN_00029ef2	function	rf24
rf24_sub_2f92a	FUN_0002f92a	function	rf24
rf24_sub_2fa6c	FUN_0002fa6c	function	rf24
rf24_sub_2fc1e	FUN_0002fc1e	function	rf24
rf24_sub_3143c	FUN_0003143c	function	rf24
rf24_sub_31784	FUN_00031784	function	rf24
rf24_sub_326b0	FUN_000326b0	function	rf24
rf24_sub_32886	FUN_00032886	function	rf24
rf24_sub_33d00	FUN_00033d00	function	rf24
rf24_sub_33e24	FUN_00033e24	function	rf24
rf24_sub_342b4	FUN_000342b4	function	rf24
rf24_sub_34352	FUN_00034352	function	rf24
rf24_sub_34408	FUN_00034408	function	rf24
rf24_sub_34490	FUN_00034490	function	rf24
rf24_sub_344b0	FUN_000344b0	function	rf24
rf24_sub_344d8	FUN_000344d8	function	rf24
rf24_sub_344f0	FUN_000344f0	function	rf24
rf24_sub_34508	FUN_00034508	function	rf24
rf24_sub_34538	FUN_00034538	function	rf24
rf24_sub_345a4	FUN_000345a4	function	rf24
rf24_sub_36c8e	FUN_00036c8e	function	rf24
rf24_sub_36cd2	FUN_00036cd2	function	rf24
rf24_sub_36d3a	FUN_00036d3a	function	rf24
rf24_sub_36fb8	FUN_00036fb8	function	rf24
rf24_sub_36fce	FUN_00036fce	function	rf24
rf24_sub_375fe	FUN_000375fe	function	rf24
rf24_sub_3aa1a	FUN_0003aa1a	function	rf24
rf24_sub_3ae7c	FUN_0003ae7c	function	rf24
rf24_sub_3b130	FUN_0003b130	function	rf24
rf24_sub_3b1de	FUN_0003b1de	function	rf24
rf24_sub_3ba88	FUN_0003ba88	function	rf24
rf24_sub_3c0a8	FUN_0003c0a8	function	rf24
rf24_sub_3c150	FUN_0003c150	function	rf24
rf24_sub_3dc7e	FUN_0003dc7e	function	rf24
rf24_sub_3dd72	FUN_0003dd72	function	rf24
rf24_sub_3e04e	FUN_0003e04e	function	rf24
rf24_sub_3e1ec	FUN_0003e1ec	function	rf24
rom_ro_1000	romdata_1000	global	shared
rom_ro_10000	romdata_10000	global	shared
rom_ro_100001	romdata_100001	global	usb
rom_ro_10020	romdata_10020	global	power
rom_ro_1200	romdata_1200	global	ble
rom_ro_136f	romdata_136f	global	ble
rom_ro_15180	romdata_15180	global	misc
rom_ro_1770	romdata_1770	global	usb
rom_ro_1800c	romdata_1800c	global	ble
rom_ro_1804c	romdata_1804c	global	ble
rom_ro_180a	romdata_180a	global	ble
rom_ro_180f	romdata_180f	global	ble
rom_ro_1812	romdata_1812	global	ble
rom_ro_1a00	romdata_1a00	global	ble
rom_ro_1c200	romdata_1c200	global	ble
rom_ro_1f400	romdata_1f400	global	usb
rom_ro_1f45	romdata_1f45	global	led
rom_ro_1ff8	romdata_1ff8	global	usb
rom_ro_2000	romdata_2000	global	shared
rom_ro_20000	romdata_20000	global	ble
rom_ro_2020	romdata_2020	global	ble
rom_ro_2136f	romdata_2136f	global	ble
rom_ro_2400	romdata_2400	global	ble
rom_ro_2401	romdata_2401	global	ota
rom_ro_2402	romdata_2402	global	shared
rom_ro_2403	romdata_2403	global	shared
rom_ro_2600	romdata_2600	global	usb
rom_ro_2601	romdata_2601	global	misc
rom_ro_2602	romdata_2602	global	usb
rom_ro_2603	romdata_2603	global	usb
rom_ro_2604	romdata_2604	global	ble
rom_ro_2605	romdata_2605	global	ble
rom_ro_2608	romdata_2608	global	ble
rom_ro_26f0	romdata_26f0	global	boot
rom_ro_400	romdata_400	global	flash
rom_ro_4010	romdata_4010	global	ble
rom_ro_404	romdata_404	global	ble
rom_ro_406	romdata_406	global	shared
rom_ro_408	romdata_408	global	usb
rom_ro_433	romdata_433	global	input
rom_ro_438	romdata_438	global	ble
rom_ro_45ec	romdata_45ec	global	usb
rom_ro_465	romdata_465	global	led
rom_ro_4650	romdata_4650	global	ble
rom_ro_4704	romdata_4704	global	led
rom_ro_4707	romdata_4707	global	ble
rom_ro_4900	romdata_4900	global	ble
rom_ro_4ab5	romdata_4ab5	global	power
rom_ro_4b00	romdata_4b00	global	ble
rom_ro_4b01	romdata_4b01	global	ota
rom_ro_4b03	romdata_4b03	global	ble
rom_ro_4b05	romdata_4b05	global	ble
rom_ro_4b06	romdata_4b06	global	ble
rom_ro_4e2	romdata_4e2	global	led
rom_ro_5006	romdata_5006	global	ota
rom_ro_55f	romdata_55f	global	led
rom_ro_5dc	romdata_5dc	global	shared
rom_ro_6	romdata_6	global	usb
rom_ro_606	romdata_606	global	ble
rom_ro_6666	romdata_6666	global	shared
rom_ro_700	romdata_700	global	ble
rom_ro_755	romdata_755	global	ble
rom_ro_7777	romdata_7777	global	ble
rom_ro_7d0	romdata_7d0	global	shared
rom_ro_7d1	romdata_7d1	global	misc
rom_ro_7fff	romdata_7fff	global	shared
rom_ro_800	romdata_800	global	shared
rom_ro_8000	romdata_8000	global	rf24
rom_ro_88c	romdata_88c	global	flash
rom_ro_9c4	romdata_9c4	global	led
rom_ro_a00	romdata_a00	global	ble
rom_ro_c0a	romdata_c0a	global	ota
rom_ro_c0c	romdata_c0c	global	ble
rom_ro_c0f	romdata_c0f	global	shared
rom_ro_c10	romdata_c10	global	ota
rom_ro_c14	romdata_c14	global	ble
rom_ro_c16	romdata_c16	global	ble
rom_ro_c18	romdata_c18	global	ble
rom_ro_c19	romdata_c19	global	ota
rom_ro_d02	romdata_d02	global	ble
rom_ro_d1b	romdata_d1b	global	shared
rom_ro_d940	romdata_d940	global	usb
rom_ro_da0	romdata_da0	global	ble
rom_ro_da1	romdata_da1	global	usb
rom_ro_da2	romdata_da2	global	ble
rom_ro_da3	romdata_da3	global	ble
rom_ro_da6	romdata_da6	global	shared
rom_ro_e00	romdata_e00	global	ble
rom_ro_e04	romdata_e04	global	ble
rom_ro_e0e	romdata_e0e	global	ble
rom_ro_e10	romdata_e10	global	misc
rom_ro_e1a	romdata_e1a	global	ble
rom_ro_f02	romdata_f02	global	shared
rom_ro_f03	romdata_f03	global	ble
rom_ro_f05	romdata_f05	global	shared
rom_ro_f07	romdata_f07	global	shared
rom_ro_f08	romdata_f08	global	shared
rom_ro_f09	romdata_f09	global	shared
rom_ro_f0b	romdata_f0b	global	shared
rom_ro_f0c	romdata_f0c	global	shared
rom_ro_f0d	romdata_f0d	global	ble
rom_ro_f0e	romdata_f0e	global	shared
rom_ro_f0f	romdata_f0f	global	shared
rom_ro_f708	romdata_f708	global	flash
rom_ro_fb04	romdata_fb04	global	flash
rom_ro_fe01	romdata_fe01	global	flash
rom_ro_ff00	romdata_ff00	global	flash
rom_ro_fff	romdata_fff	global	misc
shared_g_4006d8	var_4006d8	global	shared
shared_g_40070c	var_40070c	global	shared
shared_g_400716	var_400716	global	shared
shared_g_400a00	var_400a00	global	shared
shared_g_400a01	var_400a01	global	shared
shared_g_400a02	var_400a02	global	shared
shared_g_400a03	var_400a03	global	shared
shared_g_400a04	var_400a04	global	shared
shared_g_400a05	var_400a05	global	shared
shared_g_400a06	var_400a06	global	shared
shared_g_400a08	var_400a08	global	shared
shared_g_400a09	var_400a09	global	shared
shared_g_400a0a	var_400a0a	global	shared
shared_g_400a0c	var_400a0c	global	shared
shared_g_400a10	var_400a10	global	shared
shared_g_400a12	var_400a12	global	shared
shared_g_400a13	var_400a13	global	shared
shared_g_400a19	var_400a19	global	shared
shared_g_400a1a	var_400a1a	global	shared
shared_g_400a1d	var_400a1d	global	shared
shared_g_400a2c	var_400a2c	global	shared
shared_g_400a2d	var_400a2d	global	shared
shared_g_400a2e	var_400a2e	global	shared
shared_g_400a2f	var_400a2f	global	shared
shared_g_400a30	var_400a30	global	shared
shared_g_400a31	var_400a31	global	shared
shared_g_400a32	var_400a32	global	shared
shared_g_400a36	var_400a36	global	shared
shared_g_400a40	var_400a40	global	shared
shared_g_400a44	var_400a44	global	shared
shared_g_400a52	var_400a52	global	shared
shared_g_400a56	var_400a56	global	shared
shared_g_400a5b	var_400a5b	global	shared
shared_g_400a5c	var_400a5c	global	shared
shared_g_400a61	var_400a61	global	shared
shared_g_400a71	var_400a71	global	shared
shared_g_400a73	var_400a73	global	shared
shared_g_400a74	var_400a74	global	shared
shared_g_400a75	var_400a75	global	shared
shared_g_400a76	var_400a76	global	shared
shared_g_400a77	var_400a77	global	shared
shared_g_400a79	var_400a79	global	shared
shared_g_400a7b	var_400a7b	global	shared
shared_g_400a7c	var_400a7c	global	shared
shared_g_400a7e	var_400a7e	global	shared
shared_g_400a7f	var_400a7f	global	shared
shared_g_400a80	var_400a80	global	shared
shared_g_400a81	var_400a81	global	shared
shared_g_400a82	var_400a82	global	shared
shared_g_400a83	var_400a83	global	shared
shared_g_400a84	var_400a84	global	shared
shared_g_400a89	var_400a89	global	shared
shared_g_400a8b	var_400a8b	global	shared
shared_g_400a8c	var_400a8c	global	shared
shared_g_400a91	var_400a91	global	shared
shared_g_400a94	var_400a94	global	shared
shared_g_400a95	var_400a95	global	shared
shared_g_400a96	var_400a96	global	shared
shared_g_400a97	var_400a97	global	shared
shared_g_400a99	var_400a99	global	shared
shared_g_400a9a	var_400a9a	global	shared
shared_g_400a9b	var_400a9b	global	shared
shared_g_400a9c	var_400a9c	global	shared
shared_g_400a9d	var_400a9d	global	shared
shared_g_400a9e	var_400a9e	global	shared
shared_g_400aa1	var_400aa1	global	shared
shared_g_400aa4	var_400aa4	global	shared
shared_g_400aaa	var_400aaa	global	shared
shared_g_400aab	var_400aab	global	shared
shared_g_400aad	var_400aad	global	shared
shared_g_400aaf	var_400aaf	global	shared
shared_g_400ab0	var_400ab0	global	shared
shared_g_400ab2	var_400ab2	global	shared
shared_g_400ab3	var_400ab3	global	shared
shared_g_400ab4	var_400ab4	global	shared
shared_g_400ab5	var_400ab5	global	shared
shared_g_400ab6	var_400ab6	global	shared
shared_g_400ab7	var_400ab7	global	shared
shared_g_400ab8	var_400ab8	global	shared
shared_g_400ab9	var_400ab9	global	shared
shared_g_400aba	var_400aba	global	shared
shared_g_400abc	var_400abc	global	shared
shared_g_400ac2	var_400ac2	global	shared
shared_g_400ac6	var_400ac6	global	shared
shared_g_400ac7	var_400ac7	global	shared
shared_g_400ac8	var_400ac8	global	shared
shared_g_400aca	var_400aca	global	shared
shared_g_400acb	var_400acb	global	shared
shared_g_400ad2	var_400ad2	global	shared
shared_g_400ad3	var_400ad3	global	shared
shared_g_400ad5	var_400ad5	global	shared
shared_g_400ad6	var_400ad6	global	shared
shared_g_400ad7	var_400ad7	global	shared
shared_g_400ad8	var_400ad8	global	shared
shared_g_400adc	var_400adc	global	shared
shared_g_400ae0	var_400ae0	global	shared
shared_g_400ae4	var_400ae4	global	shared
shared_g_400ae8	var_400ae8	global	shared
shared_g_400ae9	var_400ae9	global	shared
shared_g_400aea	var_400aea	global	shared
shared_g_400aeb	var_400aeb	global	shared
shared_g_400aec	var_400aec	global	shared
shared_g_400aed	var_400aed	global	shared
shared_g_400aee	var_400aee	global	shared
shared_g_400af0	var_400af0	global	shared
shared_g_400af1	var_400af1	global	shared
shared_g_400af5	var_400af5	global	shared
shared_g_400af7	var_400af7	global	shared
shared_g_400af8	var_400af8	global	shared
shared_g_400afa	var_400afa	global	shared
shared_g_400afb	var_400afb	global	shared
shared_g_400afd	var_400afd	global	shared
shared_g_400afe	var_400afe	global	shared
shared_g_400aff	var_400aff	global	shared
shared_g_400b00	var_400b00	global	shared
shared_g_400b04	var_400b04	global	shared
shared_g_400b05	var_400b05	global	shared
shared_g_400b06	var_400b06	global	shared
shared_g_400b07	var_400b07	global	shared
shared_g_400b08	var_400b08	global	shared
shared_g_400b0a	var_400b0a	global	shared
shared_g_400b0b	var_400b0b	global	shared
shared_g_400b0d	var_400b0d	global	shared
shared_g_400b0e	var_400b0e	global	shared
shared_g_400b0f	var_400b0f	global	shared
shared_g_400b10	var_400b10	global	shared
shared_g_400b13	var_400b13	global	shared
shared_g_400b15	var_400b15	global	shared
shared_g_400b16	var_400b16	global	shared
shared_g_400b18	var_400b18	global	shared
shared_g_400b1c	var_400b1c	global	shared
shared_g_400b1d	var_400b1d	global	shared
shared_g_400b1e	var_400b1e	global	shared
shared_g_400b1f	var_400b1f	global	shared
shared_g_400b20	var_400b20	global	shared
shared_g_400b21	var_400b21	global	shared
shared_g_400b23	var_400b23	global	shared
shared_g_400b26	var_400b26	global	shared
shared_g_400b28	var_400b28	global	shared
shared_g_400b2a	var_400b2a	global	shared
shared_g_400b2c	var_400b2c	global	shared
shared_g_400b2d	var_400b2d	global	shared
shared_g_400b39	var_400b39	global	shared
shared_g_400b3a	var_400b3a	global	shared
shared_g_400b3b	var_400b3b	global	shared
shared_g_400b3c	var_400b3c	global	shared
shared_g_400b42	var_400b42	global	shared
shared_g_400b43	var_400b43	global	shared
shared_g_400b47	var_400b47	global	shared
shared_g_400b48	var_400b48	global	shared
shared_g_400b49	var_400b49	global	shared
shared_g_400b4a	var_400b4a	global	shared
shared_g_400b4b	var_400b4b	global	shared
shared_g_400b50	var_400b50	global	shared
shared_g_400b54	var_400b54	global	shared
shared_g_400b57	var_400b57	global	shared
shared_g_400b59	var_400b59	global	shared
shared_g_400b5a	var_400b5a	global	shared
shared_g_400b5c	var_400b5c	global	shared
shared_g_400b5e	var_400b5e	global	shared
shared_g_400b5f	var_400b5f	global	shared
shared_g_400b60	var_400b60	global	shared
shared_g_400b61	var_400b61	global	shared
shared_g_400b62	var_400b62	global	shared
shared_g_400b63	var_400b63	global	shared
shared_g_400b66	var_400b66	global	shared
shared_g_400b68	var_400b68	global	shared
shared_g_400b69	var_400b69	global	shared
shared_g_400b6a	var_400b6a	global	shared
shared_g_400b6c	var_400b6c	global	shared
shared_g_400b6e	var_400b6e	global	shared
shared_g_400b70	var_400b70	global	shared
shared_g_400b71	var_400b71	global	shared
shared_g_400b73	var_400b73	global	shared
shared_g_400b74	var_400b74	global	shared
shared_g_400b75	var_400b75	global	shared
shared_g_400b7a	var_400b7a	global	shared
shared_g_400b7c	var_400b7c	global	shared
shared_g_400b7e	var_400b7e	global	shared
shared_g_400b80	var_400b80	global	shared
shared_g_400b82	var_400b82	global	shared
shared_g_400b84	var_400b84	global	shared
shared_g_400b86	var_400b86	global	shared
shared_g_400b88	var_400b88	global	shared
shared_g_400b8a	var_400b8a	global	shared
shared_g_400b8b	var_400b8b	global	shared
shared_g_400b8c	var_400b8c	global	shared
shared_g_400b93	var_400b93	global	shared
shared_g_400b94	var_400b94	global	shared
shared_g_400b95	var_400b95	global	shared
shared_g_400b96	var_400b96	global	shared
shared_g_400b98	var_400b98	global	shared
shared_g_400b9c	var_400b9c	global	shared
shared_g_400b9d	var_400b9d	global	shared
shared_g_400b9e	var_400b9e	global	shared
shared_g_400b9f	var_400b9f	global	shared
shared_g_400ba0	var_400ba0	global	shared
shared_g_400ba4	var_400ba4	global	shared
shared_g_400ba5	var_400ba5	global	shared
shared_g_400bdc	var_400bdc	global	shared
shared_g_400be0	var_400be0	global	shared
shared_g_400be4	var_400be4	global	shared
shared_g_400c05	var_400c05	global	shared
shared_g_400c16	var_400c16	global	shared
shared_g_400c17	var_400c17	global	shared
shared_g_400c1d	var_400c1d	global	shared
shared_g_400c28	var_400c28	global	shared
shared_g_400c45	var_400c45	global	shared
shared_g_400c47	var_400c47	global	shared
shared_g_400c48	var_400c48	global	shared
shared_g_400c50	var_400c50	global	shared
shared_g_400c58	var_400c58	global	shared
shared_g_400cb4	var_400cb4	global	shared
shared_g_400cb8	var_400cb8	global	shared
shared_g_400cbc	var_400cbc	global	shared
shared_g_400cc0	var_400cc0	global	shared
shared_g_400cc4	var_400cc4	global	shared
shared_g_400cc8	var_400cc8	global	shared
shared_g_400ccc	var_400ccc	global	shared
shared_g_400cd0	var_400cd0	global	shared
shared_g_400cd4	var_400cd4	global	shared
shared_g_400ce0	var_400ce0	global	shared
shared_g_400cec	var_400cec	global	shared
shared_g_400cf4	var_400cf4	global	shared
shared_g_400cfc	var_400cfc	global	shared
shared_g_400d00	var_400d00	global	shared
shared_g_400d08	var_400d08	global	shared
shared_g_400d0c	var_400d0c	global	shared
shared_g_400d1c	var_400d1c	global	shared
shared_g_400d28	var_400d28	global	shared
shared_g_400d2c	var_400d2c	global	shared
shared_g_400d39	var_400d39	global	shared
shared_g_400d3b	var_400d3b	global	shared
shared_g_400d3f	var_400d3f	global	shared
shared_g_400d40	var_400d40	global	shared
shared_g_400d64	var_400d64	global	shared
shared_g_400d7c	var_400d7c	global	shared
shared_g_400dbc	var_400dbc	global	shared
shared_g_400dc8	var_400dc8	global	shared
shared_g_400ee3	var_400ee3	global	shared
shared_g_400ee4	var_400ee4	global	shared
shared_g_400ee5	var_400ee5	global	shared
shared_g_400ee6	var_400ee6	global	shared
shared_g_400f5b	var_400f5b	global	shared
shared_g_400f5c	var_400f5c	global	shared
shared_g_400f68	var_400f68	global	shared
shared_g_400f69	var_400f69	global	shared
shared_g_400f6a	var_400f6a	global	shared
shared_g_400f6b	var_400f6b	global	shared
shared_g_400f6c	var_400f6c	global	shared
shared_g_400f71	var_400f71	global	shared
shared_g_401008	var_401008	global	shared
shared_g_40100c	var_40100c	global	shared
shared_g_40100e	var_40100e	global	shared
shared_g_401010	var_401010	global	shared
shared_g_401011	var_401011	global	shared
shared_g_401012	var_401012	global	shared
shared_g_401016	var_401016	global	shared
shared_g_401018	var_401018	global	shared
shared_g_40101c	var_40101c	global	shared
shared_g_401024	var_401024	global	shared
shared_g_40102d	var_40102d	global	shared
shared_g_40104b	var_40104b	global	shared
shared_g_40104c	var_40104c	global	shared
shared_g_401050	var_401050	global	shared
shared_g_401054	var_401054	global	shared
shared_g_40108c	var_40108c	global	shared
shared_g_4010a6	var_4010a6	global	shared
shared_g_4010a7	var_4010a7	global	shared
shared_g_40110c	var_40110c	global	shared
shared_g_401128	var_401128	global	shared
shared_g_401138	var_401138	global	shared
shared_g_4012dc	var_4012dc	global	shared
shared_g_4012e0	var_4012e0	global	shared
shared_g_4012e8	var_4012e8	global	shared
shared_g_4012ec	var_4012ec	global	shared
shared_g_4012f4	var_4012f4	global	shared
shared_g_401344	var_401344	global	shared
shared_g_401345	var_401345	global	shared
shared_g_401348	var_401348	global	shared
shared_g_40134c	var_40134c	global	shared
shared_g_401410	var_401410	global	shared
shared_g_401530	var_401530	global	shared
shared_g_401534	var_401534	global	shared
shared_g_401538	var_401538	global	shared
shared_g_40153c	var_40153c	global	shared
shared_g_401544	var_401544	global	shared
shared_g_401548	var_401548	global	shared
shared_g_40154c	var_40154c	global	shared
shared_g_401550	var_401550	global	shared
shared_g_401554	var_401554	global	shared
shared_g_401555	var_401555	global	shared
shared_g_403fb8	var_403fb8	global	shared
shared_g_403fbc	var_403fbc	global	shared
shared_g_403fbe	var_403fbe	global	shared
shared_g_403fd0	var_403fd0	global	shared
shared_g_403fd4	var_403fd4	global	shared
shared_g_403fd6	var_403fd6	global	shared
shared_g_4040b0	var_4040b0	global	shared
shared_g_4040b4	var_4040b4	global	shared
shared_g_4040b8	var_4040b8	global	shared
shared_ro_2977c	ro_2977c	global	shared
shared_ro_297c8	ro_297c8	global	shared
shared_ro_29cdc	ro_29cdc	global	shared
shared_ro_29d70	ro_29d70	global	shared
shared_ro_29d74	ro_29d74	global	shared
shared_ro_29dd4	ro_29dd4	global	shared
shared_ro_29ecc	ro_29ecc	global	shared
shared_ro_2a300	ro_2a300	global	shared
shared_ro_2a388	ro_2a388	global	shared
shared_ro_2a430	ro_2a430	global	shared
shared_ro_2a438	ro_2a438	global	shared
shared_ro_2a7cc	ro_2a7cc	global	shared
shared_ro_2a94c	ro_2a94c	global	shared
shared_ro_2adb4	ro_2adb4	global	shared
shared_ro_2ade4	ro_2ade4	global	shared
shared_ro_2b51c	ro_2b51c	global	shared
shared_ro_2b520	ro_2b520	global	shared
shared_ro_2b524	ro_2b524	global	shared
shared_ro_2b530	ro_2b530	global	shared
shared_ro_2b544	ro_2b544	global	shared
shared_ro_2b54c	ro_2b54c	global	shared
shared_ro_2b554	ro_2b554	global	shared
shared_ro_2b564	ro_2b564	global	shared
shared_ro_2b570	ro_2b570	global	shared
shared_ro_2b588	ro_2b588	global	shared
shared_ro_2b590	ro_2b590	global	shared
shared_ro_2b598	ro_2b598	global	shared
shared_ro_2b59c	ro_2b59c	global	shared
shared_ro_2b638	ro_2b638	global	shared
shared_ro_2b654	ro_2b654	global	shared
shared_ro_2bbf0	ro_2bbf0	global	shared
shared_ro_2be68	ro_2be68	global	shared
shared_ro_2c2d0	ro_2c2d0	global	shared
shared_ro_2c77c	ro_2c77c	global	shared
shared_ro_2c784	ro_2c784	global	shared
shared_ro_2c7d4	ro_2c7d4	global	shared
shared_ro_2cfc4	ro_2cfc4	global	shared
shared_ro_2cfc8	ro_2cfc8	global	shared
shared_ro_2ed1c	ro_2ed1c	global	shared
shared_ro_2ee30	ro_2ee30	global	shared
shared_ro_2fc94	ro_2fc94	global	shared
shared_ro_2fca4	ro_2fca4	global	shared
shared_ro_2fcd4	ro_2fcd4	global	shared
shared_ro_2fcd8	ro_2fcd8	global	shared
shared_ro_2fcdc	ro_2fcdc	global	shared
shared_ro_2fd00	ro_2fd00	global	shared
shared_ro_2fd08	ro_2fd08	global	shared
shared_ro_3012c	ro_3012c	global	shared
shared_ro_30144	ro_30144	global	shared
shared_ro_30154	ro_30154	global	shared
shared_ro_30174	ro_30174	global	shared
shared_ro_30178	ro_30178	global	shared
shared_ro_3017c	ro_3017c	global	shared
shared_ro_301f0	ro_301f0	global	shared
shared_ro_301f8	ro_301f8	global	shared
shared_ro_306a4	ro_306a4	global	shared
shared_ro_3156c	ro_3156c	global	shared
shared_ro_31570	ro_31570	global	shared
shared_ro_31574	ro_31574	global	shared
shared_ro_31578	ro_31578	global	shared
shared_ro_3157c	ro_3157c	global	shared
shared_ro_31580	ro_31580	global	shared
shared_ro_31584	ro_31584	global	shared
shared_ro_315a8	ro_315a8	global	shared
shared_ro_315c0	ro_315c0	global	shared
shared_ro_315c8	ro_315c8	global	shared
shared_ro_315dc	ro_315dc	global	shared
shared_ro_31614	ro_31614	global	shared
shared_ro_31800	ro_31800	global	shared
shared_ro_31c00	ro_31c00	global	shared
shared_ro_31c04	ro_31c04	global	shared
shared_ro_31c0c	ro_31c0c	global	shared
shared_ro_32598	ro_32598	global	shared
shared_ro_329e4	ro_329e4	global	shared
shared_ro_329e8	ro_329e8	global	shared
shared_ro_329ec	ro_329ec	global	shared
shared_ro_329f0	ro_329f0	global	shared
shared_ro_329f4	ro_329f4	global	shared
shared_ro_329f8	ro_329f8	global	shared
shared_ro_32a48	ro_32a48	global	shared
shared_ro_32a50	ro_32a50	global	shared
shared_ro_32a54	ro_32a54	global	shared
shared_ro_32a58	ro_32a58	global	shared
shared_ro_32a5c	ro_32a5c	global	shared
shared_ro_32a60	ro_32a60	global	shared
shared_ro_32a64	ro_32a64	global	shared
shared_ro_32a8c	ro_32a8c	global	shared
shared_ro_32a98	ro_32a98	global	shared
shared_ro_32b04	ro_32b04	global	shared
shared_ro_32d50	ro_32d50	global	shared
shared_ro_32d54	ro_32d54	global	shared
shared_ro_32d58	ro_32d58	global	shared
shared_ro_32d5c	ro_32d5c	global	shared
shared_ro_32d60	ro_32d60	global	shared
shared_ro_32d98	ro_32d98	global	shared
shared_ro_33360	ro_33360	global	shared
shared_ro_33364	ro_33364	global	shared
shared_ro_33368	ro_33368	global	shared
shared_ro_33380	ro_33380	global	shared
shared_ro_33388	ro_33388	global	shared
shared_ro_337dc	ro_337dc	global	shared
shared_ro_337e0	ro_337e0	global	shared
shared_ro_337e4	ro_337e4	global	shared
shared_ro_33810	ro_33810	global	shared
shared_ro_33f70	ro_33f70	global	shared
shared_ro_33f74	ro_33f74	global	shared
shared_ro_33fb4	ro_33fb4	global	shared
shared_ro_33fd8	ro_33fd8	global	shared
shared_ro_33ff4	ro_33ff4	global	shared
shared_ro_33ff8	ro_33ff8	global	shared
shared_ro_34618	ro_34618	global	shared
shared_ro_34a34	ro_34a34	global	shared
shared_ro_34a64	ro_34a64	global	shared
shared_ro_34a78	ro_34a78	global	shared
shared_ro_34a7c	ro_34a7c	global	shared
shared_ro_34a88	ro_34a88	global	shared
shared_ro_34a8c	ro_34a8c	global	shared
shared_ro_34a94	ro_34a94	global	shared
shared_ro_34a98	ro_34a98	global	shared
shared_ro_34fb8	ro_34fb8	global	shared
shared_ro_34fc4	ro_34fc4	global	shared
shared_ro_35024	ro_35024	global	shared
shared_ro_3502c	ro_3502c	global	shared
shared_ro_35064	ro_35064	global	shared
shared_ro_35070	ro_35070	global	shared
shared_ro_3508c	ro_3508c	global	shared
shared_ro_3514c	ro_3514c	global	shared
shared_ro_35b5c	ro_35b5c	global	shared
shared_ro_35b60	ro_35b60	global	shared
shared_ro_35b64	ro_35b64	global	shared
shared_ro_35b68	ro_35b68	global	shared
shared_ro_35b6c	ro_35b6c	global	shared
shared_ro_35b74	ro_35b74	global	shared
shared_ro_35b78	ro_35b78	global	shared
shared_ro_35b7c	ro_35b7c	global	shared
shared_ro_35b80	ro_35b80	global	shared
shared_ro_35b98	ro_35b98	global	shared
shared_ro_35b9c	ro_35b9c	global	shared
shared_ro_35ba4	ro_35ba4	global	shared
shared_ro_35e30	ro_35e30	global	shared
shared_ro_35e34	ro_35e34	global	shared
shared_ro_35e38	ro_35e38	global	shared
shared_ro_35e54	ro_35e54	global	shared
shared_ro_36d84	ro_36d84	global	shared
shared_ro_36d88	ro_36d88	global	shared
shared_ro_36da8	ro_36da8	global	shared
shared_ro_36db4	ro_36db4	global	shared
shared_ro_36db8	ro_36db8	global	shared
shared_ro_36f1c	ro_36f1c	global	shared
shared_ro_36f20	ro_36f20	global	shared
shared_ro_37384	ro_37384	global	shared
shared_ro_37388	ro_37388	global	shared
shared_ro_376a4	ro_376a4	global	shared
shared_ro_376a8	ro_376a8	global	shared
shared_ro_37bf4	ro_37bf4	global	shared
shared_ro_38145	ro_38145	global	shared
shared_ro_38297	ro_38297	global	shared
shared_ro_382ab	ro_382ab	global	shared
shared_ro_382b9	ro_382b9	global	shared
shared_ro_382c7	ro_382c7	global	shared
shared_ro_382cf	ro_382cf	global	shared
shared_ro_38394	ro_38394	global	shared
shared_ro_38f88	ro_38f88	global	shared
shared_ro_38ff0	ro_38ff0	global	shared
shared_ro_39004	ro_39004	global	shared
shared_ro_390a8	ro_390a8	global	shared
shared_ro_390e8	ro_390e8	global	shared
shared_ro_390ec	ro_390ec	global	shared
shared_ro_3958c	ro_3958c	global	shared
shared_ro_395c8	ro_395c8	global	shared
shared_ro_3999c	ro_3999c	global	shared
shared_ro_39c04	ro_39c04	global	shared
shared_ro_3a8e0	ro_3a8e0	global	shared
shared_ro_3a8ec	ro_3a8ec	global	shared
shared_ro_3ad08	ro_3ad08	global	shared
shared_ro_3ad0c	ro_3ad0c	global	shared
shared_ro_3ad24	ro_3ad24	global	shared
shared_ro_3ad54	ro_3ad54	global	shared
shared_ro_3b24c	ro_3b24c	global	shared
shared_ro_3b254	ro_3b254	global	shared
shared_ro_3b258	ro_3b258	global	shared
shared_ro_3b260	ro_3b260	global	shared
shared_ro_3b264	ro_3b264	global	shared
shared_ro_3b4f0	ro_3b4f0	global	shared
shared_ro_3b4f4	ro_3b4f4	global	shared
shared_ro_3b4f8	ro_3b4f8	global	shared
shared_ro_3b4fc	ro_3b4fc	global	shared
shared_ro_3b564	ro_3b564	global	shared
shared_ro_3b6bc	ro_3b6bc	global	shared
shared_ro_3b6c4	ro_3b6c4	global	shared
shared_ro_3b6c8	ro_3b6c8	global	shared
shared_ro_3b8c0	ro_3b8c0	global	shared
shared_ro_3b8c8	ro_3b8c8	global	shared
shared_ro_3b8cc	ro_3b8cc	global	shared
shared_ro_3bd0c	ro_3bd0c	global	shared
shared_ro_3bd10	ro_3bd10	global	shared
shared_ro_3bf98	ro_3bf98	global	shared
shared_ro_3bf9c	ro_3bf9c	global	shared
shared_ro_3bfa0	ro_3bfa0	global	shared
shared_ro_3bfa8	ro_3bfa8	global	shared
shared_ro_3c0dc	ro_3c0dc	global	shared
shared_ro_3c4e0	ro_3c4e0	global	shared
shared_ro_3c4e4	ro_3c4e4	global	shared
shared_ro_3c4e8	ro_3c4e8	global	shared
shared_ro_3c4ec	ro_3c4ec	global	shared
shared_ro_3c804	ro_3c804	global	shared
shared_ro_3cc18	ro_3cc18	global	shared
shared_ro_3d0b4	ro_3d0b4	global	shared
shared_ro_3d0bc	ro_3d0bc	global	shared
shared_ro_3d0c0	ro_3d0c0	global	shared
shared_ro_3d0c8	ro_3d0c8	global	shared
shared_ro_3d0cc	ro_3d0cc	global	shared
shared_ro_3d0ec	ro_3d0ec	global	shared
shared_ro_3d130	ro_3d130	global	shared
shared_ro_3d134	ro_3d134	global	shared
shared_ro_3d694	ro_3d694	global	shared
shared_ro_3d6c8	ro_3d6c8	global	shared
shared_ro_3dccc	ro_3dccc	global	shared
shared_ro_3e444	ro_3e444	global	shared
shared_ro_3e448	ro_3e448	global	shared
shared_ro_3eeb8	ro_3eeb8	global	shared
shared_ro_3f090	ro_3f090	global	shared
shared_ro_3fce8	ro_3fce8	global	shared
shared_ro_40000	ro_40000	global	shared
shared_ro_40884	ro_40884	global	shared
shared_ro_40890	ro_40890	global	shared
shared_ro_415b0	ro_415b0	global	shared
shared_ro_41c4c	ro_41c4c	global	shared
shared_ro_41c50	ro_41c50	global	shared
shared_ro_433b1	ro_433b1	global	shared
shared_ro_44344	ro_44344	global	shared
shared_ro_46cd4	ro_46cd4	global	shared
timer_g_400ce8	var_400ce8	global	timer
timer_ro_29ed0	ro_29ed0	global	timer
timer_ro_29ed4	ro_29ed4	global	timer
timer_ro_2f373	ro_2f373	global	timer
timer_ro_2f3d4	ro_2f3d4	global	timer
timer_ro_2f3e0	ro_2f3e0	global	timer
timer_ro_2f3e4	ro_2f3e4	global	timer
timer_ro_2f3e8	ro_2f3e8	global	timer
timer_ro_2f3ec	ro_2f3ec	global	timer
timer_ro_2f3f0	ro_2f3f0	global	timer
usb_g_400a28	var_400a28	global	usb
usb_g_400a37	var_400a37	global	usb
usb_g_400a85	var_400a85	global	usb
usb_g_400a86	var_400a86	global	usb
usb_g_400a87	var_400a87	global	usb
usb_g_400a88	var_400a88	global	usb
usb_g_400a8a	var_400a8a	global	usb
usb_g_400a8d	var_400a8d	global	usb
usb_g_400a8e	var_400a8e	global	usb
usb_g_400a8f	var_400a8f	global	usb
usb_g_400a90	var_400a90	global	usb
usb_g_400a93	var_400a93	global	usb
usb_g_400a9f	var_400a9f	global	usb
usb_g_400aa0	var_400aa0	global	usb
usb_g_400aa8	var_400aa8	global	usb
usb_g_400aa9	var_400aa9	global	usb
usb_g_400aac	var_400aac	global	usb
usb_g_400ab1	var_400ab1	global	usb
usb_g_400abb	var_400abb	global	usb
usb_g_400ac0	var_400ac0	global	usb
usb_g_400ad4	var_400ad4	global	usb
usb_g_400ad9	var_400ad9	global	usb
usb_g_400ada	var_400ada	global	usb
usb_g_400ae6	var_400ae6	global	usb
usb_g_400aef	var_400aef	global	usb
usb_g_400b09	var_400b09	global	usb
usb_g_400b14	var_400b14	global	usb
usb_g_400b17	var_400b17	global	usb
usb_g_400b19	var_400b19	global	usb
usb_g_400b1a	var_400b1a	global	usb
usb_g_400b1b	var_400b1b	global	usb
usb_g_400b24	var_400b24	global	usb
usb_g_400b2f	var_400b2f	global	usb
usb_g_400b30	var_400b30	global	usb
usb_g_400b31	var_400b31	global	usb
usb_g_400b32	var_400b32	global	usb
usb_g_400b34	var_400b34	global	usb
usb_g_400b35	var_400b35	global	usb
usb_g_400b36	var_400b36	global	usb
usb_g_400b4f	var_400b4f	global	usb
usb_g_400b55	var_400b55	global	usb
usb_g_400b72	var_400b72	global	usb
usb_g_400b76	var_400b76	global	usb
usb_g_400b87	var_400b87	global	usb
usb_g_400b8e	var_400b8e	global	usb
usb_g_400b8f	var_400b8f	global	usb
usb_g_400b97	var_400b97	global	usb
usb_g_400bac	var_400bac	global	usb
usb_g_400bb1	var_400bb1	global	usb
usb_g_400bb2	var_400bb2	global	usb
usb_g_400bb3	var_400bb3	global	usb
usb_g_400bb4	var_400bb4	global	usb
usb_g_400bb8	var_400bb8	global	usb
usb_g_400bbc	var_400bbc	global	usb
usb_g_400bcc	var_400bcc	global	usb
usb_g_400be8	var_400be8	global	usb
usb_g_400c04	var_400c04	global	usb
usb_g_400c0c	var_400c0c	global	usb
usb_g_400c10	var_400c10	global	usb
usb_g_400c12	var_400c12	global	usb
usb_g_400c18	var_400c18	global	usb
usb_g_400c1c	var_400c1c	global	usb
usb_g_400c30	var_400c30	global	usb
usb_g_400c34	var_400c34	global	usb
usb_g_400d20	var_400d20	global	usb
usb_g_400d24	var_400d24	global	usb
usb_g_400dd4	var_400dd4	global	usb
usb_g_400ee7	var_400ee7	global	usb
usb_g_400ee8	var_400ee8	global	usb
usb_g_400ee9	var_400ee9	global	usb
usb_g_400eea	var_400eea	global	usb
usb_g_400eeb	var_400eeb	global	usb
usb_g_400eec	var_400eec	global	usb
usb_g_400eed	var_400eed	global	usb
usb_g_400eee	var_400eee	global	usb
usb_g_400eef	var_400eef	global	usb
usb_g_400ef0	var_400ef0	global	usb
usb_g_400ef1	var_400ef1	global	usb
usb_g_400ef2	var_400ef2	global	usb
usb_g_400ef3	var_400ef3	global	usb
usb_g_400ef4	var_400ef4	global	usb
usb_g_400ef5	var_400ef5	global	usb
usb_g_400ef6	var_400ef6	global	usb
usb_g_400ef7	var_400ef7	global	usb
usb_g_400ef8	var_400ef8	global	usb
usb_g_400ef9	var_400ef9	global	usb
usb_g_400efa	var_400efa	global	usb
usb_g_400efb	var_400efb	global	usb
usb_g_400f03	var_400f03	global	usb
usb_g_400f04	var_400f04	global	usb
usb_g_400f05	var_400f05	global	usb
usb_g_400f06	var_400f06	global	usb
usb_g_400f07	var_400f07	global	usb
usb_g_400f08	var_400f08	global	usb
usb_g_400f09	var_400f09	global	usb
usb_g_400f72	var_400f72	global	usb
usb_g_400f73	var_400f73	global	usb
usb_g_400f74	var_400f74	global	usb
usb_g_401040	var_401040	global	usb
usb_g_40111c	var_40111c	global	usb
usb_g_40112c	var_40112c	global	usb
usb_g_401130	var_401130	global	usb
usb_g_401134	var_401134	global	usb
usb_g_40113c	var_40113c	global	usb
usb_g_4011b8	var_4011b8	global	usb
usb_g_40123d	var_40123d	global	usb
usb_g_40123e	var_40123e	global	usb
usb_g_40123f	var_40123f	global	usb
usb_g_401240	var_401240	global	usb
usb_g_401241	var_401241	global	usb
usb_g_401242	var_401242	global	usb
usb_g_401243	var_401243	global	usb
usb_g_401244	var_401244	global	usb
usb_g_4012c4	var_4012c4	global	usb
usb_g_4012c8	var_4012c8	global	usb
usb_g_4012cc	var_4012cc	global	usb
usb_g_4012d0	var_4012d0	global	usb
usb_g_4012d4	var_4012d4	global	usb
usb_g_4012d8	var_4012d8	global	usb
usb_g_4012e4	var_4012e4	global	usb
usb_g_4012f0	var_4012f0	global	usb
usb_g_4012f8	var_4012f8	global	usb
usb_g_4012fc	var_4012fc	global	usb
usb_g_401300	var_401300	global	usb
usb_g_401334	var_401334	global	usb
usb_g_401338	var_401338	global	usb
usb_g_40133c	var_40133c	global	usb
usb_g_401340	var_401340	global	usb
usb_g_404f30	var_404f30	global	usb
usb_g_404f34	var_404f34	global	usb
usb_ro_297cc	ro_297cc	global	usb
usb_ro_2b548	ro_2b548	global	usb
usb_ro_2b550	ro_2b550	global	usb
usb_ro_2b678	ro_2b678	global	usb
usb_ro_2b67c	ro_2b67c	global	usb
usb_ro_2b680	ro_2b680	global	usb
usb_ro_2b684	ro_2b684	global	usb
usb_ro_2be6c	ro_2be6c	global	usb
usb_ro_2be70	ro_2be70	global	usb
usb_ro_2be74	ro_2be74	global	usb
usb_ro_2c7a0	ro_2c7a0	global	usb
usb_ro_2ed18	ro_2ed18	global	usb
usb_ro_30238	ro_30238	global	usb
usb_ro_315b0	ro_315b0	global	usb
usb_ro_315b4	ro_315b4	global	usb
usb_ro_315b8	ro_315b8	global	usb
usb_ro_315bc	ro_315bc	global	usb
usb_ro_315c4	ro_315c4	global	usb
usb_ro_315cc	ro_315cc	global	usb
usb_ro_315d0	ro_315d0	global	usb
usb_ro_315d4	ro_315d4	global	usb
usb_ro_315d8	ro_315d8	global	usb
usb_ro_315e0	ro_315e0	global	usb
usb_ro_31804	ro_31804	global	usb
usb_ro_32590	ro_32590	global	usb
usb_ro_3259c	ro_3259c	global	usb
usb_ro_325a0	ro_325a0	global	usb
usb_ro_325a4	ro_325a4	global	usb
usb_ro_325a8	ro_325a8	global	usb
usb_ro_325ac	ro_325ac	global	usb
usb_ro_325b0	ro_325b0	global	usb
usb_ro_325b4	ro_325b4	global	usb
usb_ro_325b8	ro_325b8	global	usb
usb_ro_325bc	ro_325bc	global	usb
usb_ro_325c0	ro_325c0	global	usb
usb_ro_325c4	ro_325c4	global	usb
usb_ro_325c8	ro_325c8	global	usb
usb_ro_325cc	ro_325cc	global	usb
usb_ro_325d0	ro_325d0	global	usb
usb_ro_325d4	ro_325d4	global	usb
usb_ro_3335c	ro_3335c	global	usb
usb_ro_3336c	ro_3336c	global	usb
usb_ro_33370	ro_33370	global	usb
usb_ro_33374	ro_33374	global	usb
usb_ro_33378	ro_33378	global	usb
usb_ro_3337c	ro_3337c	global	usb
usb_ro_33384	ro_33384	global	usb
usb_ro_3338c	ro_3338c	global	usb
usb_ro_33390	ro_33390	global	usb
usb_ro_33394	ro_33394	global	usb
usb_ro_33398	ro_33398	global	usb
usb_ro_3339c	ro_3339c	global	usb
usb_ro_333a0	ro_333a0	global	usb
usb_ro_33888	ro_33888	global	usb
usb_ro_338a4	ro_338a4	global	usb
usb_ro_338a8	ro_338a8	global	usb
usb_ro_338ac	ro_338ac	global	usb
usb_ro_338b0	ro_338b0	global	usb
usb_ro_33c3c	ro_33c3c	global	usb
usb_ro_33c40	ro_33c40	global	usb
usb_ro_33c44	ro_33c44	global	usb
usb_ro_33c48	ro_33c48	global	usb
usb_ro_33c4c	ro_33c4c	global	usb
usb_ro_33c50	ro_33c50	global	usb
usb_ro_33c54	ro_33c54	global	usb
usb_ro_33c58	ro_33c58	global	usb
usb_ro_33c5c	ro_33c5c	global	usb
usb_ro_33c60	ro_33c60	global	usb
usb_ro_33c64	ro_33c64	global	usb
usb_ro_33c68	ro_33c68	global	usb
usb_ro_34087	ro_34087	global	usb
usb_ro_34220	ro_34220	global	usb
usb_ro_34224	ro_34224	global	usb
usb_ro_34228	ro_34228	global	usb
usb_ro_3422c	ro_3422c	global	usb
usb_ro_34230	ro_34230	global	usb
usb_ro_34234	ro_34234	global	usb
usb_ro_34238	ro_34238	global	usb
usb_ro_3423c	ro_3423c	global	usb
usb_ro_34240	ro_34240	global	usb
usb_ro_34638	ro_34638	global	usb
usb_ro_35190	ro_35190	global	usb
usb_ro_35194	ro_35194	global	usb
usb_ro_35198	ro_35198	global	usb
usb_ro_3519c	ro_3519c	global	usb
usb_ro_351dc	ro_351dc	global	usb
usb_ro_351e0	ro_351e0	global	usb
usb_ro_351e4	ro_351e4	global	usb
usb_ro_351e8	ro_351e8	global	usb
usb_ro_351ec	ro_351ec	global	usb
usb_ro_351f0	ro_351f0	global	usb
usb_ro_355f4	ro_355f4	global	usb
usb_ro_355f8	ro_355f8	global	usb
usb_ro_355fc	ro_355fc	global	usb
usb_ro_35600	ro_35600	global	usb
usb_ro_35604	ro_35604	global	usb
usb_ro_35608	ro_35608	global	usb
usb_ro_3560c	ro_3560c	global	usb
usb_ro_35610	ro_35610	global	usb
usb_ro_35640	ro_35640	global	usb
usb_ro_35670	ro_35670	global	usb
usb_ro_35674	ro_35674	global	usb
usb_ro_35678	ro_35678	global	usb
usb_ro_356a8	ro_356a8	global	usb
usb_ro_356ac	ro_356ac	global	usb
usb_ro_356b0	ro_356b0	global	usb
usb_ro_356b4	ro_356b4	global	usb
usb_ro_356b8	ro_356b8	global	usb
usb_ro_356bc	ro_356bc	global	usb
usb_ro_356c0	ro_356c0	global	usb
usb_ro_356c4	ro_356c4	global	usb
usb_ro_356c8	ro_356c8	global	usb
usb_ro_356cc	ro_356cc	global	usb
usb_ro_356d0	ro_356d0	global	usb
usb_ro_356d4	ro_356d4	global	usb
usb_ro_3570c	ro_3570c	global	usb
usb_ro_35710	ro_35710	global	usb
usb_ro_35714	ro_35714	global	usb
usb_ro_35718	ro_35718	global	usb
usb_ro_3571c	ro_3571c	global	usb
usb_ro_35720	ro_35720	global	usb
usb_ro_35724	ro_35724	global	usb
usb_ro_35728	ro_35728	global	usb
usb_ro_3572c	ro_3572c	global	usb
usb_ro_35730	ro_35730	global	usb
usb_ro_35734	ro_35734	global	usb
usb_ro_35738	ro_35738	global	usb
usb_ro_3573c	ro_3573c	global	usb
usb_ro_35740	ro_35740	global	usb
usb_ro_35744	ro_35744	global	usb
usb_ro_35748	ro_35748	global	usb
usb_ro_3574c	ro_3574c	global	usb
usb_ro_35750	ro_35750	global	usb
usb_ro_357a0	ro_357a0	global	usb
usb_ro_357a4	ro_357a4	global	usb
usb_ro_357a8	ro_357a8	global	usb
usb_ro_357ac	ro_357ac	global	usb
usb_ro_357b0	ro_357b0	global	usb
usb_ro_357b4	ro_357b4	global	usb
usb_ro_357b8	ro_357b8	global	usb
usb_ro_357bc	ro_357bc	global	usb
usb_ro_357c0	ro_357c0	global	usb
usb_ro_35b54	ro_35b54	global	usb
usb_ro_35b58	ro_35b58	global	usb
usb_ro_35ba0	ro_35ba0	global	usb
usb_ro_35ba8	ro_35ba8	global	usb
usb_ro_35bac	ro_35bac	global	usb
usb_ro_35bb0	ro_35bb0	global	usb
usb_ro_35bb4	ro_35bb4	global	usb
usb_ro_35bb8	ro_35bb8	global	usb
usb_ro_35bbc	ro_35bbc	global	usb
usb_ro_35bc0	ro_35bc0	global	usb
usb_ro_35bc4	ro_35bc4	global	usb
usb_ro_35bc8	ro_35bc8	global	usb
usb_ro_35bcc	ro_35bcc	global	usb
usb_ro_35bd0	ro_35bd0	global	usb
usb_ro_35bd4	ro_35bd4	global	usb
usb_ro_35bd8	ro_35bd8	global	usb
usb_ro_35bdc	ro_35bdc	global	usb
usb_ro_35be0	ro_35be0	global	usb
usb_ro_35be4	ro_35be4	global	usb
usb_ro_35be8	ro_35be8	global	usb
usb_ro_35bec	ro_35bec	global	usb
usb_ro_35bf0	ro_35bf0	global	usb
usb_ro_35bf4	ro_35bf4	global	usb
usb_ro_35bf8	ro_35bf8	global	usb
usb_ro_35bfc	ro_35bfc	global	usb
usb_ro_35c00	ro_35c00	global	usb
usb_ro_35c04	ro_35c04	global	usb
usb_ro_35c08	ro_35c08	global	usb
usb_ro_35c0c	ro_35c0c	global	usb
usb_ro_35e8c	ro_35e8c	global	usb
usb_ro_35e90	ro_35e90	global	usb
usb_ro_35fd4	ro_35fd4	global	usb
usb_ro_35fd8	ro_35fd8	global	usb
usb_ro_36000	ro_36000	global	usb
usb_ro_36004	ro_36004	global	usb
usb_ro_36008	ro_36008	global	usb
usb_ro_3600c	ro_3600c	global	usb
usb_ro_36010	ro_36010	global	usb
usb_ro_36014	ro_36014	global	usb
usb_ro_36018	ro_36018	global	usb
usb_ro_3601c	ro_3601c	global	usb
usb_ro_3618c	ro_3618c	global	usb
usb_ro_36190	ro_36190	global	usb
usb_ro_36194	ro_36194	global	usb
usb_ro_36198	ro_36198	global	usb
usb_ro_3619c	ro_3619c	global	usb
usb_ro_361a0	ro_361a0	global	usb
usb_ro_361a4	ro_361a4	global	usb
usb_ro_365a0	ro_365a0	global	usb
usb_ro_365a4	ro_365a4	global	usb
usb_ro_365a8	ro_365a8	global	usb
usb_ro_365ac	ro_365ac	global	usb
usb_ro_365b0	ro_365b0	global	usb
usb_ro_365b4	ro_365b4	global	usb
usb_ro_365b8	ro_365b8	global	usb
usb_ro_365f0	ro_365f0	global	usb
usb_ro_3660c	ro_3660c	global	usb
usb_ro_36618	ro_36618	global	usb
usb_ro_3661c	ro_3661c	global	usb
usb_ro_36620	ro_36620	global	usb
usb_ro_36624	ro_36624	global	usb
usb_ro_36628	ro_36628	global	usb
usb_ro_36674	ro_36674	global	usb
usb_ro_36678	ro_36678	global	usb
usb_ro_3668c	ro_3668c	global	usb
usb_ro_366a4	ro_366a4	global	usb
usb_ro_36914	ro_36914	global	usb
usb_ro_3693c	ro_3693c	global	usb
usb_ro_36940	ro_36940	global	usb
usb_ro_36944	ro_36944	global	usb
usb_ro_36948	ro_36948	global	usb
usb_ro_3694c	ro_3694c	global	usb
usb_ro_36950	ro_36950	global	usb
usb_ro_36954	ro_36954	global	usb
usb_ro_36958	ro_36958	global	usb
usb_ro_36988	ro_36988	global	usb
usb_ro_36d8c	ro_36d8c	global	usb
usb_ro_36d90	ro_36d90	global	usb
usb_ro_36d94	ro_36d94	global	usb
usb_ro_36d98	ro_36d98	global	usb
usb_ro_36d9c	ro_36d9c	global	usb
usb_ro_36f24	ro_36f24	global	usb
usb_ro_36f28	ro_36f28	global	usb
usb_ro_36f2c	ro_36f2c	global	usb
usb_ro_36f30	ro_36f30	global	usb
usb_ro_376ac	ro_376ac	global	usb
usb_ro_376b0	ro_376b0	global	usb
usb_ro_376dc	ro_376dc	global	usb
usb_ro_37708	ro_37708	global	usb
usb_ro_3770c	ro_3770c	global	usb
usb_ro_37710	ro_37710	global	usb
usb_ro_37714	ro_37714	global	usb
usb_ro_37750	ro_37750	global	usb
usb_ro_37754	ro_37754	global	usb
usb_ro_37758	ro_37758	global	usb
usb_ro_3775c	ro_3775c	global	usb
usb_ro_37760	ro_37760	global	usb
usb_ro_37764	ro_37764	global	usb
usb_ro_37768	ro_37768	global	usb
usb_ro_3776c	ro_3776c	global	usb
usb_ro_37770	ro_37770	global	usb
usb_ro_37bf0	ro_37bf0	global	usb
usb_ro_37c58	ro_37c58	global	usb
usb_ro_37d08	ro_37d08	global	usb
usb_ro_37d0c	ro_37d0c	global	usb
usb_ro_37d10	ro_37d10	global	usb
usb_ro_37d14	ro_37d14	global	usb
usb_ro_37d40	ro_37d40	global	usb
usb_ro_37d44	ro_37d44	global	usb
usb_ro_37d48	ro_37d48	global	usb
usb_ro_37d4c	ro_37d4c	global	usb
usb_ro_37d50	ro_37d50	global	usb
usb_ro_38168	ro_38168	global	usb
usb_ro_3816c	ro_3816c	global	usb
usb_ro_38234	ro_38234	global	usb
usb_ro_38238	ro_38238	global	usb
usb_ro_3823c	ro_3823c	global	usb
usb_ro_38240	ro_38240	global	usb
usb_ro_38244	ro_38244	global	usb
usb_ro_38274	ro_38274	global	usb
usb_ro_38310	ro_38310	global	usb
usb_ro_385a4	ro_385a4	global	usb
usb_ro_385a8	ro_385a8	global	usb
usb_ro_385ac	ro_385ac	global	usb
usb_ro_385b0	ro_385b0	global	usb
usb_ro_385b4	ro_385b4	global	usb
usb_ro_385fc	ro_385fc	global	usb
usb_ro_38600	ro_38600	global	usb
usb_ro_38604	ro_38604	global	usb
usb_ro_38608	ro_38608	global	usb
usb_ro_3860c	ro_3860c	global	usb
usb_ro_38624	ro_38624	global	usb
usb_ro_38628	ro_38628	global	usb
usb_ro_3862c	ro_3862c	global	usb
usb_ro_38630	ro_38630	global	usb
usb_ro_3864c	ro_3864c	global	usb
usb_ro_38650	ro_38650	global	usb
usb_ro_38a68	ro_38a68	global	usb
usb_ro_38a8c	ro_38a8c	global	usb
usb_ro_38a90	ro_38a90	global	usb
usb_ro_38a94	ro_38a94	global	usb
usb_ro_38a98	ro_38a98	global	usb
usb_ro_38a9c	ro_38a9c	global	usb
usb_ro_38aa0	ro_38aa0	global	usb
usb_ro_38aa4	ro_38aa4	global	usb
usb_ro_38aa8	ro_38aa8	global	usb
usb_ro_38aac	ro_38aac	global	usb
usb_ro_38ab0	ro_38ab0	global	usb
usb_ro_38ab4	ro_38ab4	global	usb
usb_ro_38ab8	ro_38ab8	global	usb
usb_ro_38abc	ro_38abc	global	usb
usb_ro_38ac0	ro_38ac0	global	usb
usb_ro_38ac4	ro_38ac4	global	usb
usb_ro_38ac8	ro_38ac8	global	usb
usb_ro_38acc	ro_38acc	global	usb
usb_ro_38ad0	ro_38ad0	global	usb
usb_ro_38ad4	ro_38ad4	global	usb
usb_ro_38ad8	ro_38ad8	global	usb
usb_ro_38adc	ro_38adc	global	usb
usb_ro_38ae0	ro_38ae0	global	usb
usb_ro_38ae4	ro_38ae4	global	usb
usb_ro_38ae8	ro_38ae8	global	usb
usb_ro_38aec	ro_38aec	global	usb
usb_ro_38af0	ro_38af0	global	usb
usb_ro_38af4	ro_38af4	global	usb
usb_ro_38af8	ro_38af8	global	usb
usb_ro_38afc	ro_38afc	global	usb
usb_ro_38b00	ro_38b00	global	usb
usb_ro_38b04	ro_38b04	global	usb
usb_ro_38b08	ro_38b08	global	usb
usb_ro_38b0c	ro_38b0c	global	usb
usb_ro_38b10	ro_38b10	global	usb
usb_ro_38b14	ro_38b14	global	usb
usb_ro_38b18	ro_38b18	global	usb
usb_ro_38b1c	ro_38b1c	global	usb
usb_ro_38b20	ro_38b20	global	usb
usb_ro_38b24	ro_38b24	global	usb
usb_ro_38b60	ro_38b60	global	usb
usb_ro_38b64	ro_38b64	global	usb
usb_ro_38b68	ro_38b68	global	usb
usb_ro_38b6c	ro_38b6c	global	usb
usb_ro_38b70	ro_38b70	global	usb
usb_ro_38b98	ro_38b98	global	usb
usb_ro_38f84	ro_38f84	global	usb
usb_ro_38f8c	ro_38f8c	global	usb
usb_ro_38f90	ro_38f90	global	usb
usb_ro_38f94	ro_38f94	global	usb
usb_ro_38f98	ro_38f98	global	usb
usb_ro_38f9c	ro_38f9c	global	usb
usb_ro_38fa0	ro_38fa0	global	usb
usb_ro_38fa4	ro_38fa4	global	usb
usb_ro_38fa8	ro_38fa8	global	usb
usb_ro_38fac	ro_38fac	global	usb
usb_ro_38fb0	ro_38fb0	global	usb
usb_ro_38fb4	ro_38fb4	global	usb
usb_ro_38fb8	ro_38fb8	global	usb
usb_ro_38fbc	ro_38fbc	global	usb
usb_ro_38fc0	ro_38fc0	global	usb
usb_ro_3a008	ro_3a008	global	usb
usb_ro_3a00c	ro_3a00c	global	usb
usb_ro_3a010	ro_3a010	global	usb
usb_ro_3a014	ro_3a014	global	usb
usb_ro_3a020	ro_3a020	global	usb
usb_ro_3a05c	ro_3a05c	global	usb
usb_ro_3a060	ro_3a060	global	usb
usb_ro_3a064	ro_3a064	global	usb
usb_ro_3a068	ro_3a068	global	usb
usb_ro_3a468	ro_3a468	global	usb
usb_ro_3a46c	ro_3a46c	global	usb
usb_ro_3a470	ro_3a470	global	usb
usb_ro_3a474	ro_3a474	global	usb
usb_ro_3a478	ro_3a478	global	usb
usb_ro_3a47c	ro_3a47c	global	usb
usb_ro_3a480	ro_3a480	global	usb
usb_ro_3a484	ro_3a484	global	usb
usb_ro_3a488	ro_3a488	global	usb
usb_ro_3a48c	ro_3a48c	global	usb
usb_ro_3a490	ro_3a490	global	usb
usb_ro_3a494	ro_3a494	global	usb
usb_ro_3a498	ro_3a498	global	usb
usb_ro_3a49c	ro_3a49c	global	usb
usb_ro_3a4a0	ro_3a4a0	global	usb
usb_ro_3a4a4	ro_3a4a4	global	usb
usb_ro_3a4a8	ro_3a4a8	global	usb
usb_ro_3a4ac	ro_3a4ac	global	usb
usb_ro_3a4b0	ro_3a4b0	global	usb
usb_ro_3a4b4	ro_3a4b4	global	usb
usb_ro_3a4b8	ro_3a4b8	global	usb
usb_ro_3a4bc	ro_3a4bc	global	usb
usb_ro_3a4c0	ro_3a4c0	global	usb
usb_ro_3a4c4	ro_3a4c4	global	usb
usb_ro_3a4c8	ro_3a4c8	global	usb
usb_ro_3a4cc	ro_3a4cc	global	usb
usb_ro_3a4d0	ro_3a4d0	global	usb
usb_ro_3a4d4	ro_3a4d4	global	usb
usb_ro_3a4d8	ro_3a4d8	global	usb
usb_ro_3a4dc	ro_3a4dc	global	usb
usb_ro_3a4e0	ro_3a4e0	global	usb
usb_ro_3a4e4	ro_3a4e4	global	usb
usb_ro_3a4e8	ro_3a4e8	global	usb
usb_ro_3a4ec	ro_3a4ec	global	usb
usb_ro_3a4f0	ro_3a4f0	global	usb
usb_ro_3a4f4	ro_3a4f4	global	usb
usb_ro_3a4f8	ro_3a4f8	global	usb
usb_ro_3a4fc	ro_3a4fc	global	usb
usb_ro_3a500	ro_3a500	global	usb
usb_ro_3a504	ro_3a504	global	usb
usb_ro_3a508	ro_3a508	global	usb
usb_ro_3a50c	ro_3a50c	global	usb
usb_ro_3a510	ro_3a510	global	usb
usb_ro_3a514	ro_3a514	global	usb
usb_ro_3a518	ro_3a518	global	usb
usb_ro_3a51c	ro_3a51c	global	usb
usb_ro_3a520	ro_3a520	global	usb
usb_ro_3a524	ro_3a524	global	usb
usb_ro_3a528	ro_3a528	global	usb
usb_ro_3a5b4	ro_3a5b4	global	usb
usb_ro_3a5b8	ro_3a5b8	global	usb
usb_ro_3a5c0	ro_3a5c0	global	usb
usb_ro_3a5c4	ro_3a5c4	global	usb
usb_ro_3a5c8	ro_3a5c8	global	usb
usb_ro_3a614	ro_3a614	global	usb
usb_ro_3ad28	ro_3ad28	global	usb
usb_ro_3cc20	ro_3cc20	global	usb
usb_ro_3cc24	ro_3cc24	global	usb
usb_ro_3cc28	ro_3cc28	global	usb
usb_ro_3d0ac	ro_3d0ac	global	usb
usb_ro_3d0b0	ro_3d0b0	global	usb
usb_ro_3d0d4	ro_3d0d4	global	usb
usb_ro_3d0d8	ro_3d0d8	global	usb
usb_ro_3d0dc	ro_3d0dc	global	usb
usb_ro_3d0e4	ro_3d0e4	global	usb
usb_ro_3d128	ro_3d128	global	usb
usb_ro_3d12c	ro_3d12c	global	usb
usb_ro_3d138	ro_3d138	global	usb
usb_ro_3d13c	ro_3d13c	global	usb
usb_ro_3d144	ro_3d144	global	usb
usb_ro_3d15c	ro_3d15c	global	usb
usb_ro_3d164	ro_3d164	global	usb
usb_ro_3d228	ro_3d228	global	usb
usb_ro_3d238	ro_3d238	global	usb
usb_ro_3d684	ro_3d684	global	usb
usb_ro_3d688	ro_3d688	global	usb
usb_ro_3d68c	ro_3d68c	global	usb
usb_ro_3d690	ro_3d690	global	usb
usb_ro_3d698	ro_3d698	global	usb
usb_ro_3d69c	ro_3d69c	global	usb
usb_ro_3d6a0	ro_3d6a0	global	usb
usb_ro_3d6a4	ro_3d6a4	global	usb
usb_ro_3d6a8	ro_3d6a8	global	usb
usb_ro_3d6ac	ro_3d6ac	global	usb
usb_ro_3d6b0	ro_3d6b0	global	usb
usb_ro_3d6b4	ro_3d6b4	global	usb
usb_ro_3d6b8	ro_3d6b8	global	usb
usb_ro_3d6bc	ro_3d6bc	global	usb
usb_ro_3d6c0	ro_3d6c0	global	usb
usb_ro_3d704	ro_3d704	global	usb
usb_ro_3d708	ro_3d708	global	usb
usb_ro_3d70c	ro_3d70c	global	usb
usb_ro_3daf8	ro_3daf8	global	usb
usb_ro_3dafc	ro_3dafc	global	usb
usb_ro_3db00	ro_3db00	global	usb
usb_ro_3db04	ro_3db04	global	usb
usb_ro_3db08	ro_3db08	global	usb
usb_ro_3db0c	ro_3db0c	global	usb
usb_ro_3db10	ro_3db10	global	usb
usb_ro_3db14	ro_3db14	global	usb
usb_ro_3dc18	ro_3dc18	global	usb
usb_ro_3dc1c	ro_3dc1c	global	usb
usb_ro_3dc20	ro_3dc20	global	usb
usb_ro_3dc24	ro_3dc24	global	usb
usb_ro_3dc28	ro_3dc28	global	usb
usb_ro_41c48	ro_41c48	global	usb
usb_ro_42a70	ro_42a70	global	usb
usb_ro_42ad0	ro_42ad0	global	usb
usb_ro_42ad4	ro_42ad4	global	usb
usb_ro_42ad8	ro_42ad8	global	usb
usb_ro_42adc	ro_42adc	global	usb
usb_ro_44313	ro_44313	global	usb
usb_ro_44314	ro_44314	global	usb
usb_ro_44345	ro_44345	global	usb
usb_ro_445f9	ro_445f9	global	usb
usb_ro_44601	ro_44601	global	usb
usb_ro_44605	ro_44605	global	usb
usb_ro_446da	ro_446da	global	usb
usb_ro_446db	ro_446db	global	usb
usb_ro_44902	ro_44902	global	usb
usb_ro_44903	ro_44903	global	usb
usb_ro_4490a	ro_4490a	global	usb
usb_ro_4490b	ro_4490b	global	usb
usb_ro_44ef2	ro_44ef2	global	usb
usb_ro_44f07	ro_44f07	global	usb
usb_ro_44f1c	ro_44f1c	global	usb
usb_ro_44f31	ro_44f31	global	usb
usb_ro_44f46	ro_44f46	global	usb
usb_ro_44f5b	ro_44f5b	global	usb
usb_ro_44f85	ro_44f85	global	usb
usb_ro_450d1	ro_450d1	global	usb
usb_ro_4510d	ro_4510d	global	usb
usb_ro_451c1	ro_451c1	global	usb
usb_ro_451c2	ro_451c2	global	usb
usb_ro_451cd	ro_451cd	global	usb
usb_ro_451ce	ro_451ce	global	usb
usb_ro_451d9	ro_451d9	global	usb
usb_ro_451da	ro_451da	global	usb
usb_ro_45f1d	ro_45f1d	global	usb
usb_ro_45f95	ro_45f95	global	usb
usb_ro_4600d	ro_4600d	global	usb
usb_ro_46085	ro_46085	global	usb
usb_ro_46118	ro_46118	global	usb
usb_ro_4612c	ro_4612c	global	usb
usb_ro_46140	ro_46140	global	usb
usb_ro_46154	ro_46154	global	usb
usb_ro_46168	ro_46168	global	usb
usb_ro_4617c	ro_4617c	global	usb
usb_ro_46190	ro_46190	global	usb
usb_sub_29464	FUN_00029464	function	usb
usb_sub_2b18e	FUN_0002b18e	function	usb
usb_sub_2b382	FUN_0002b382	function	usb
usb_sub_2bd62	FUN_0002bd62	function	usb
usb_sub_30094	FUN_00030094	function	usb
usb_sub_31230	FUN_00031230	function	usb
usb_sub_312de	FUN_000312de	function	usb
usb_sub_317c2	FUN_000317c2	function	usb
usb_sub_3236a	FUN_0003236a	function	usb
usb_sub_323c8	FUN_000323c8	function	usb
usb_sub_323ee	FUN_000323ee	function	usb
usb_sub_32430	FUN_00032430	function	usb
usb_sub_32614	FUN_00032614	function	usb
usb_sub_3300e	FUN_0003300e	function	usb
usb_sub_33a7e	FUN_00033a7e	function	usb
usb_sub_33d2a	FUN_00033d2a	function	usb
usb_sub_33d2c	FUN_00033d2c	function	usb
usb_sub_345d2	FUN_000345d2	function	usb
usb_sub_34e4c	FUN_00034e4c	function	usb
usb_sub_358b6	FUN_000358b6	function	usb
usb_sub_36024	FUN_00036024	function	usb
usb_sub_36044	FUN_00036044	function	usb
usb_sub_360aa	FUN_000360aa	function	usb
usb_sub_361a8	FUN_000361a8	function	usb
usb_sub_361da	FUN_000361da	function	usb
usb_sub_369a0	FUN_000369a0	function	usb
usb_sub_369ac	FUN_000369ac	function	usb
usb_sub_369b8	FUN_000369b8	function	usb
usb_sub_369d8	FUN_000369d8	function	usb
usb_sub_369fa	FUN_000369fa	function	usb
usb_sub_36a12	FUN_00036a12	function	usb
usb_sub_36af2	FUN_00036af2	function	usb
usb_sub_36b36	FUN_00036b36	function	usb
usb_sub_36be4	FUN_00036be4	function	usb
usb_sub_36dd4	FUN_00036dd4	function	usb
usb_sub_36e0c	FUN_00036e0c	function	usb
usb_sub_36eee	FUN_00036eee	function	usb
usb_sub_36fe6	FUN_00036fe6	function	usb
usb_sub_37078	FUN_00037078	function	usb
usb_sub_370c6	FUN_000370c6	function	usb
usb_sub_370d0	FUN_000370d0	function	usb
usb_sub_370ec	FUN_000370ec	function	usb
usb_sub_37104	FUN_00037104	function	usb
usb_sub_37186	FUN_00037186	function	usb
usb_sub_3725e	FUN_0003725e	function	usb
usb_sub_374e2	FUN_000374e2	function	usb
usb_sub_37508	FUN_00037508	function	usb
usb_sub_37534	FUN_00037534	function	usb
usb_sub_37774	FUN_00037774	function	usb
usb_sub_3781e	FUN_0003781e	function	usb
usb_sub_37830	FUN_00037830	function	usb
usb_sub_37844	FUN_00037844	function	usb
usb_sub_37858	FUN_00037858	function	usb
usb_sub_37878	FUN_00037878	function	usb
usb_sub_378ba	FUN_000378ba	function	usb
usb_sub_37ab6	FUN_00037ab6	function	usb
usb_sub_37ac6	FUN_00037ac6	function	usb
usb_sub_37afa	FUN_00037afa	function	usb
usb_sub_37b0a	FUN_00037b0a	function	usb
usb_sub_38296	FUN_00038296	function	usb
usb_sub_38350	FUN_00038350	function	usb
usb_sub_38384	FUN_00038384	function	usb
usb_sub_38398	FUN_00038398	function	usb
usb_sub_3870a	FUN_0003870a	function	usb
usb_sub_38936	FUN_00038936	function	usb
usb_sub_39ad8	FUN_00039ad8	function	usb
usb_sub_39c84	FUN_00039c84	function	usb
usb_sub_39cfc	FUN_00039cfc	function	usb
usb_sub_39d26	FUN_00039d26	function	usb
usb_sub_39d3c	FUN_00039d3c	function	usb
usb_sub_39dfe	FUN_00039dfe	function	usb
usb_sub_3aa42	FUN_0003aa42	function	usb
usb_sub_3afa2	FUN_0003afa2	function	usb
usb_sub_3b528	FUN_0003b528	function	usb
usb_sub_3b54e	FUN_0003b54e	function	usb
usb_sub_3c21e	FUN_0003c21e	function	usb
usb_sub_3c286	FUN_0003c286	function	usb
usb_sub_3c6a8	FUN_0003c6a8	function	usb
usb_sub_3c818	FUN_0003c818	function	usb
usb_sub_3c996	FUN_0003c996	function	usb
usb_sub_3c9be	FUN_0003c9be	function	usb
usb_sub_3c9f2	FUN_0003c9f2	function	usb
usb_sub_3cb9a	FUN_0003cb9a	function	usb
usb_sub_3cdb6	FUN_0003cdb6	function	usb
usb_sub_3ce5c	FUN_0003ce5c	function	usb
usb_sub_3cf24	FUN_0003cf24	function	usb
usb_sub_3d082	FUN_0003d082	function	usb
usb_sub_3d2b0	FUN_0003d2b0	function	usb
usb_sub_3d55c	FUN_0003d55c	function	usb
usb_sub_3d63a	FUN_0003d63a	function	usb
usb_sub_3d7ee	FUN_0003d7ee	function	usb
usb_sub_3d8da	FUN_0003d8da	function	usb
usb_sub_3d96e	FUN_0003d96e	function	usb
usb_sub_3da42	FUN_0003da42	function	usb
usb_sub_3db3a	FUN_0003db3a	function	usb
usb_sub_4169a	FUN_0004169a	function	usb
usb_sub_4245e	FUN_0004245e	function	usb
usb_sub_42472	FUN_00042472	function	usb
usb_sub_42a20	FUN_00042a20	function	usb
usb_sub_42a74	FUN_00042a74	function	usb
